DATA_TEST,NOMBRE,DICE OC,DICE OD,DICE ODint,DICE AVG,PRECISION OC,PRECISION OD,PRECISION ODint,RECALL OC,RECALL OD,RECALL ODint,Hausdorff_distance_OC,Hausdorff_distance_OD,Hausdorff_distance_ODint
REFUGE,Test/0801.png,0.9321593828869016,0.9704040102111269,0.9713715306798508,0.9512816965490143,0,0,0,0,0,0,0,0,0
REFUGE,Test/0802.png,0.9300024544179524,0.98750373777224,0.9893584309962422,0.9587530960950962,0,0,0,0,0,0,0,0,0
REFUGE,Test/0803.png,0.911604592577311,0.9612565967361184,0.9609496228379784,0.9364305946567146,0,0,0,0,0,0,0,0,0
REFUGE,Test/0804.png,0.9153625523391209,0.9767981010617584,0.9757387699014491,0.9460803267004396,0,0,0,0,0,0,0,0,0
REFUGE,Test/0805.png,0.9770862335409689,0.9773044205560792,0.9784304401463493,0.9771953270485241,0,0,0,0,0,0,0,0,0
REFUGE,Test/0806.png,0.8554179060315927,0.9895966515399273,0.9893653169149749,0.92250727878576,0,0,0,0,0,0,0,0,0
REFUGE,Test/0807.png,0.8988112780756926,0.9858996772874893,0.9851661111704666,0.942355477681591,0,0,0,0,0,0,0,0,0
REFUGE,Test/0808.png,0.9524110399201904,0.9782572341715383,0.9801918554880013,0.9653341370458643,0,0,0,0,0,0,0,0,0
REFUGE,Test/0809.png,0.7641727517533494,0.9693317775002354,0.9694904534565051,0.8667522646267924,0,0,0,0,0,0,0,0,0
REFUGE,Test/0810.png,0.9248794955134758,0.9864502883536133,0.9864411534398528,0.9556648919335445,0,0,0,0,0,0,0,0,0
REFUGE,Test/0811.png,0.8953113788479605,0.989804039951745,0.9887097889819867,0.9425577093998527,0,0,0,0,0,0,0,0,0
REFUGE,Test/0812.png,0.876534762434082,0.9318394066763229,0.9388154770874197,0.9041870845552025,0,0,0,0,0,0,0,0,0
REFUGE,Test/0813.png,0.9024368463840453,0.9912681447403876,0.9925767799220687,0.9468524955622164,0,0,0,0,0,0,0,0,0
REFUGE,Test/0814.png,0.9246257100389599,0.985102803450556,0.9859055444904508,0.9548642567447579,0,0,0,0,0,0,0,0,0
REFUGE,Test/0815.png,0.9157899341766061,0.9802412264737953,0.9802904720662463,0.9480155803252007,0,0,0,0,0,0,0,0,0
REFUGE,Test/0816.png,0.8886020744554679,0.9609656521918567,0.9618973125396972,0.9247838633236622,0,0,0,0,0,0,0,0,0
REFUGE,Test/0817.png,0.9274585904125322,0.9786675074039402,0.9805402718761641,0.9530630489082361,0,0,0,0,0,0,0,0,0
REFUGE,Test/0818.png,0.8948609372827259,0.9747314002244535,0.976378677961053,0.9347961687535897,0,0,0,0,0,0,0,0,0
REFUGE,Test/0819.png,0.9017227602060878,0.9569192063969689,0.9588477454939253,0.9293209833015283,0,0,0,0,0,0,0,0,0
REFUGE,Test/0820.png,0.8162457663017851,0.969645236977255,0.9683399552565823,0.89294550163952,0,0,0,0,0,0,0,0,0
REFUGE,Test/0821.png,0.9100848541208193,0.9890782331036925,0.990331445648814,0.9495815436122559,0,0,0,0,0,0,0,0,0
REFUGE,Test/0822.png,0.9426925459209228,0.9848444364996736,0.9838235448770206,0.9637684912102982,0,0,0,0,0,0,0,0,0
REFUGE,Test/0823.png,0.9440090904690994,0.9759144294796842,0.9763639276658577,0.9599617599743918,0,0,0,0,0,0,0,0,0
REFUGE,Test/0824.png,0.760283349106952,0.9719382630563465,0.9743175070496293,0.8661108060816493,0,0,0,0,0,0,0,0,0
REFUGE,Test/0825.png,0.8290801017597544,0.8980748459132302,0.9024752267751786,0.8635774738364923,0,0,0,0,0,0,0,0,0
REFUGE,Test/0826.png,0.9488504893051425,0.96711306851507,0.9695224649212485,0.9579817789101062,0,0,0,0,0,0,0,0,0
REFUGE,Test/0827.png,0.9048856884649082,0.9689081119878076,0.9698947815105414,0.9368969002263579,0,0,0,0,0,0,0,0,0
REFUGE,Test/0828.png,0.9269736113973694,0.9561667530091531,0.9580074116635944,0.9415701822032613,0,0,0,0,0,0,0,0,0
REFUGE,Test/0829.png,0.9334381454484032,0.9920982910931988,0.992089803496997,0.9627682182708011,0,0,0,0,0,0,0,0,0
REFUGE,Test/0830.png,0.882980311448495,0.9682279538226516,0.9708949380612804,0.9256041326355733,0,0,0,0,0,0,0,0,0
REFUGE,Test/0831.png,0.8331067544398686,0.9868505133014219,0.9854093796532661,0.9099786338706453,0,0,0,0,0,0,0,0,0
REFUGE,Test/0832.png,0.8862695122041185,0.9773514841529689,0.9749701120039127,0.9318104981785438,0,0,0,0,0,0,0,0,0
REFUGE,Test/0833.png,0.8764663486075787,0.9804045513656411,0.9812416472393303,0.9284354499866099,0,0,0,0,0,0,0,0,0
REFUGE,Test/0834.png,0.9473934880343876,0.9823749665681123,0.983667427142827,0.9648842273012499,0,0,0,0,0,0,0,0,0
REFUGE,Test/0835.png,0.9115830679424145,0.9640191504246629,0.9664787585156118,0.9378011091835388,0,0,0,0,0,0,0,0,0
REFUGE,Test/0836.png,0.857617037183014,0.9483047273899976,0.9462338255633433,0.9029608822865058,0,0,0,0,0,0,0,0,0
REFUGE,Test/0837.png,0.9207337240236759,0.9726442671315726,0.9730973960611505,0.9466889955776243,0,0,0,0,0,0,0,0,0
REFUGE,Test/0838.png,0.9230939462467381,0.9852114625982378,0.9847162303029783,0.954152704422488,0,0,0,0,0,0,0,0,0
REFUGE,Test/0839.png,0.8742767041038221,0.9859964549458552,0.9880810001745093,0.9301365795248386,0,0,0,0,0,0,0,0,0
REFUGE,Test/0840.png,0.9537955355412067,0.9731560846276484,0.9749709764253438,0.9634758100844275,0,0,0,0,0,0,0,0,0
REFUGE,Test/0841.png,0.7112217171517621,0.8966727184011705,0.8978982610010829,0.8039472177764663,0,0,0,0,0,0,0,0,0
REFUGE,Test/0842.png,0.9258428941653198,0.9870351728244084,0.9888553671708243,0.9564390334948641,0,0,0,0,0,0,0,0,0
REFUGE,Test/0843.png,0.8926459510406691,0.9791985938476226,0.9805445363027616,0.9359222724441458,0,0,0,0,0,0,0,0,0
REFUGE,Test/0844.png,0.9479600081485715,0.9825685435263377,0.9833458254423073,0.9652642758374546,0,0,0,0,0,0,0,0,0
REFUGE,Test/0845.png,0.8138792725437352,0.985991023133016,0.9874891657316385,0.8999351478383756,0,0,0,0,0,0,0,0,0
REFUGE,Test/0846.png,0.9017821939589264,0.9698962795386729,0.9690904744296489,0.9358392367487997,0,0,0,0,0,0,0,0,0
REFUGE,Test/0847.png,0.9654392610097343,0.9748619609355256,0.9770733210397088,0.9701506109726299,0,0,0,0,0,0,0,0,0
REFUGE,Test/0848.png,0.8751952891269199,0.9707996026770432,0.972735996753862,0.9229974459019816,0,0,0,0,0,0,0,0,0
REFUGE,Test/0849.png,0.8730264229941078,0.927067105734749,0.9268519375892261,0.9000467643644284,0,0,0,0,0,0,0,0,0
REFUGE,Test/0850.png,0.9436363681026247,0.9547966883077259,0.9512465138049074,0.9492165282051753,0,0,0,0,0,0,0,0,0
REFUGE,Test/0851.png,0.9492460474043679,0.9788843311333671,0.9788900030968086,0.9640651892688675,0,0,0,0,0,0,0,0,0
REFUGE,Test/0852.png,0.9408755133932395,0.9771483892902783,0.9770990548824712,0.9590119513417589,0,0,0,0,0,0,0,0,0
REFUGE,Test/0853.png,0.8942204415673403,0.9881714943060649,0.9891532453988426,0.9411959679367026,0,0,0,0,0,0,0,0,0
REFUGE,Test/0854.png,0.9183363772237867,0.9920183155151661,0.9921672371671896,0.9551773463694764,0,0,0,0,0,0,0,0,0
REFUGE,Test/0855.png,0.9659162010257403,0.9825426867599673,0.9823618275369863,0.9742294438928538,0,0,0,0,0,0,0,0,0
REFUGE,Test/0856.png,0.9448362757236356,0.980681542652504,0.9788028608069896,0.9627589091880697,0,0,0,0,0,0,0,0,0
REFUGE,Test/0857.png,0.951796587911615,0.9787372735989324,0.9795724177604408,0.9652669307552737,0,0,0,0,0,0,0,0,0
REFUGE,Test/0858.png,0.905046112107517,0.9837093671540666,0.984209882256619,0.9443777396307917,0,0,0,0,0,0,0,0,0
REFUGE,Test/0859.png,0.6701260887246897,0.9833724502739243,0.9817793166661979,0.826749269499307,0,0,0,0,0,0,0,0,0
REFUGE,Test/0860.png,0.9384300570419459,0.9883194819279142,0.9866463582285577,0.9633747694849301,0,0,0,0,0,0,0,0,0
REFUGE,Test/0861.png,0.959506963264966,0.9879389121547013,0.9882855977385964,0.9737229377098336,0,0,0,0,0,0,0,0,0
REFUGE,Test/0862.png,0.9034136415288956,0.9887479518495685,0.9892685159494462,0.9460807966892321,0,0,0,0,0,0,0,0,0
REFUGE,Test/0863.png,0.9193282551584204,0.9681880042354369,0.9689867207668641,0.9437581296969286,0,0,0,0,0,0,0,0,0
REFUGE,Test/0864.png,0.8928061314071805,0.963257341342786,0.9626341388197232,0.9280317363749833,0,0,0,0,0,0,0,0,0
REFUGE,Test/0865.png,0.8602085642938548,0.9685182864003661,0.9674280627178784,0.9143634253471105,0,0,0,0,0,0,0,0,0
REFUGE,Test/0866.png,0.9395714495817367,0.9848938882375438,0.9863584727802543,0.9622326689096402,0,0,0,0,0,0,0,0,0
REFUGE,Test/0867.png,0.9572501561610274,0.9881042749700292,0.9883478118590068,0.9726772155655283,0,0,0,0,0,0,0,0,0
REFUGE,Test/0868.png,0.7965899777736094,0.9566099417507095,0.9567274811470396,0.8765999597621594,0,0,0,0,0,0,0,0,0
REFUGE,Test/0869.png,0.9695927347933788,0.9786651588033763,0.9790972199638466,0.9741289467983776,0,0,0,0,0,0,0,0,0
REFUGE,Test/0870.png,0.9438896960729963,0.9856603314170919,0.9867146041960824,0.9647750137450442,0,0,0,0,0,0,0,0,0
REFUGE,Test/0871.png,0.9029637156245203,0.9784435919196142,0.9807657799941241,0.9407036537720672,0,0,0,0,0,0,0,0,0
REFUGE,Test/0872.png,0.8921858203571279,0.9760731344618467,0.9777417511831017,0.9341294774094873,0,0,0,0,0,0,0,0,0
REFUGE,Test/0873.png,0.9503474948881911,0.970359683204161,0.9717311047509233,0.9603535890461761,0,0,0,0,0,0,0,0,0
REFUGE,Test/0874.png,0.9199578545677403,0.990372891189514,0.990485895211918,0.9551653728786271,0,0,0,0,0,0,0,0,0
REFUGE,Test/0875.png,0.8622137538950021,0.9813554356894396,0.9813052053914268,0.9217845947922209,0,0,0,0,0,0,0,0,0
REFUGE,Test/0876.png,0.962647747440718,0.984357214413274,0.9852857226276786,0.973502480926996,0,0,0,0,0,0,0,0,0
REFUGE,Test/0877.png,0.9305777916782714,0.9769829001438495,0.9788080009137154,0.9537803459110604,0,0,0,0,0,0,0,0,0
REFUGE,Test/0878.png,0.903650165680852,0.9709131862695749,0.9705637834033742,0.9372816759752134,0,0,0,0,0,0,0,0,0
REFUGE,Test/0879.png,0.9432697014761059,0.9901535329367304,0.990184626918412,0.9667116172064181,0,0,0,0,0,0,0,0,0
REFUGE,Test/0880.png,0.8393346281674587,0.9810991842794662,0.9819014000919237,0.9102169062234624,0,0,0,0,0,0,0,0,0
REFUGE,Test/0881.png,0.8725416004150168,0.9795189752542823,0.9785509771673324,0.9260302878346496,0,0,0,0,0,0,0,0,0
REFUGE,Test/0882.png,0.8820849078378424,0.980187454076478,0.9810883856176189,0.9311361809571602,0,0,0,0,0,0,0,0,0
REFUGE,Test/0883.png,0.8632486395392082,0.9859886895563551,0.9859069323418802,0.9246186645477816,0,0,0,0,0,0,0,0,0
REFUGE,Test/0884.png,0.9299942015722069,0.9522190195600561,0.9538529426452267,0.9411066105661314,0,0,0,0,0,0,0,0,0
REFUGE,Test/0885.png,0.9442164495381005,0.9823026511832935,0.9828706360989135,0.963259550360697,0,0,0,0,0,0,0,0,0
REFUGE,Test/0886.png,0.8548993600297345,0.9662020360979902,0.9690206524747667,0.9105506980638624,0,0,0,0,0,0,0,0,0
REFUGE,Test/0887.png,0.9312731557562299,0.984759325616587,0.9849700145890603,0.9580162406864084,0,0,0,0,0,0,0,0,0
REFUGE,Test/0888.png,0.841373316038882,0.9760151733681375,0.978508911397764,0.9086942447035098,0,0,0,0,0,0,0,0,0
REFUGE,Test/0889.png,0.954034651228703,0.9713398409258214,0.973231508886522,0.9626872460772622,0,0,0,0,0,0,0,0,0
REFUGE,Test/0890.png,0.9633073257970501,0.9795029449722591,0.9805938340267337,0.9714051353846547,0,0,0,0,0,0,0,0,0
REFUGE,Test/0891.png,0.9687823638313147,0.9903610898836126,0.9894659788440914,0.9795717268574636,0,0,0,0,0,0,0,0,0
REFUGE,Test/0892.png,0.9292595574462594,0.9818505008193495,0.9823138609446213,0.9555550291328045,0,0,0,0,0,0,0,0,0
REFUGE,Test/0893.png,0.9735723144994298,0.9711844383524869,0.9690137794367716,0.9723783764259584,0,0,0,0,0,0,0,0,0
REFUGE,Test/0894.png,0.772137483049657,0.97837741771104,0.9786001299404467,0.8752574503803485,0,0,0,0,0,0,0,0,0
REFUGE,Test/0895.png,0.9254290820965484,0.9815650806466958,0.980147927689291,0.9534970813716221,0,0,0,0,0,0,0,0,0
REFUGE,Test/0896.png,0.83172794619474,0.9904453440325568,0.9893972715401163,0.9110866451136483,0,0,0,0,0,0,0,0,0
REFUGE,Test/0897.png,0.9046615427445214,0.9832595669307017,0.9840258613204558,0.9439605548376115,0,0,0,0,0,0,0,0,0
REFUGE,Test/0898.png,0.7579467092139607,0.9772165390692499,0.9791941928389316,0.8675816241416052,0,0,0,0,0,0,0,0,0
REFUGE,Test/0899.png,0.9132137954633937,0.9791128154290648,0.9772377517143687,0.9461633054462293,0,0,0,0,0,0,0,0,0
REFUGE,Test/0900.png,0.9209691866498538,0.9707056365892215,0.9717469925028817,0.9458374116195376,0,0,0,0,0,0,0,0,0
REFUGE,Test/0901.png,0.9589254943520009,0.9659080775269849,0.9682030894677058,0.962416785939493,0,0,0,0,0,0,0,0,0
REFUGE,Test/0902.png,0.8329046788926439,0.9801247323575593,0.9816886818085451,0.9065147056251015,0,0,0,0,0,0,0,0,0
REFUGE,Test/0903.png,0.9408345983795503,0.9585510056635174,0.9601633045293576,0.9496928020215338,0,0,0,0,0,0,0,0,0
REFUGE,Test/0904.png,0.9482307577341431,0.981069891023475,0.9810612925402072,0.964650324378809,0,0,0,0,0,0,0,0,0
REFUGE,Test/0905.png,0.9308005991658732,0.9751686254152441,0.9749650137130239,0.9529846122905586,0,0,0,0,0,0,0,0,0
REFUGE,Test/0906.png,0.9752070908725741,0.9727879424537249,0.9743764135594265,0.9739975166631495,0,0,0,0,0,0,0,0,0
REFUGE,Test/0907.png,0.9214322112007574,0.9874621869381155,0.988909689932759,0.9544471990694364,0,0,0,0,0,0,0,0,0
REFUGE,Test/0908.png,0.9320061312380281,0.9688802087559898,0.9692751093705763,0.950443169997009,0,0,0,0,0,0,0,0,0
REFUGE,Test/0909.png,0.8354834885357681,0.990524281987771,0.9909527757603378,0.9130038852617696,0,0,0,0,0,0,0,0,0
REFUGE,Test/0910.png,0.9083679661217425,0.9665813426837706,0.9672724865761498,0.9374746544027566,0,0,0,0,0,0,0,0,0
REFUGE,Test/0911.png,0.9186161629030498,0.9655561660963876,0.9684677617168845,0.9420861644997187,0,0,0,0,0,0,0,0,0
REFUGE,Test/0912.png,0.9365947744918226,0.9855886471663806,0.9865174367458491,0.9610917108291016,0,0,0,0,0,0,0,0,0
REFUGE,Test/0913.png,0.9160710087064161,0.9676693351656909,0.9653099039122564,0.9418701719360535,0,0,0,0,0,0,0,0,0
REFUGE,Test/0914.png,0.8611997098554751,0.9637932335490631,0.9641720364453155,0.9124964717022691,0,0,0,0,0,0,0,0,0
REFUGE,Test/0915.png,0.9595935800085122,0.9838233959850302,0.985698205375031,0.9717084879967712,0,0,0,0,0,0,0,0,0
REFUGE,Test/0916.png,0.9504460859550041,0.9827839556220576,0.9823913742048695,0.9666150207885309,0,0,0,0,0,0,0,0,0
REFUGE,Test/0917.png,0.9143435019713845,0.9851872970415301,0.986255360079712,0.9497653995064572,0,0,0,0,0,0,0,0,0
REFUGE,Test/0918.png,0.9262702156371683,0.9558197529621801,0.9564068495725706,0.9410449842996742,0,0,0,0,0,0,0,0,0
REFUGE,Test/0919.png,0.8660298005875011,0.9809982105336014,0.9811021243202447,0.9235140055605513,0,0,0,0,0,0,0,0,0
REFUGE,Test/0920.png,0.9780756781465447,0.9778256521076494,0.9787885659235256,0.977950665127097,0,0,0,0,0,0,0,0,0
REFUGE,Test/0921.png,0.9818517925803252,0.9825425648013917,0.9839586264431822,0.9821971786908584,0,0,0,0,0,0,0,0,0
REFUGE,Test/0922.png,0.9260269524700047,0.9812769563223496,0.9819510155875633,0.9536519543961771,0,0,0,0,0,0,0,0,0
REFUGE,Test/0923.png,0.8191264565504575,0.9881403079964979,0.9879053111832532,0.9036333822734777,0,0,0,0,0,0,0,0,0
REFUGE,Test/0924.png,0.8759266771427332,0.9839634994854958,0.9862088598611615,0.9299450883141145,0,0,0,0,0,0,0,0,0
REFUGE,Test/0925.png,0.9485998131250868,0.9394363838199582,0.9420665851041665,0.9440180984725225,0,0,0,0,0,0,0,0,0
REFUGE,Test/0926.png,0.8762302571649647,0.9774694089559683,0.9787518889036879,0.9268498330604665,0,0,0,0,0,0,0,0,0
REFUGE,Test/0927.png,0.9401124238688456,0.9890998407500907,0.9887414737068744,0.9646061323094681,0,0,0,0,0,0,0,0,0
REFUGE,Test/0928.png,0.8889663808511539,0.978032853958916,0.9786409757265473,0.933499617405035,0,0,0,0,0,0,0,0,0
REFUGE,Test/0929.png,0.7843318682572913,0.8890148537660746,0.8900295275959456,0.836673361011683,0,0,0,0,0,0,0,0,0
REFUGE,Test/0930.png,0.8879741460821826,0.9845879412519256,0.9844669936211456,0.9362810436670541,0,0,0,0,0,0,0,0,0
REFUGE,Test/0931.png,0.9342260727176643,0.9769731142720559,0.9753947405415686,0.9555995934948601,0,0,0,0,0,0,0,0,0
REFUGE,Test/0932.png,0.8928347032730675,0.9851007158921092,0.9841464867942421,0.9389677095825884,0,0,0,0,0,0,0,0,0
REFUGE,Test/0933.png,0.9147815975818587,0.9905963559236676,0.9904605635387127,0.9526889767527631,0,0,0,0,0,0,0,0,0
REFUGE,Test/0934.png,0.910794466894659,0.9119050062470166,0.9144903307734337,0.9113497365708378,0,0,0,0,0,0,0,0,0
REFUGE,Test/0935.png,0.6221536291383288,0.8656745504988963,0.8676438961763526,0.7439140898186125,0,0,0,0,0,0,0,0,0
REFUGE,Test/0936.png,0.9230097866361386,0.9720266126094919,0.9703022037341301,0.9475181996228152,0,0,0,0,0,0,0,0,0
REFUGE,Test/0937.png,0.9682961833711876,0.9829113627593435,0.9817219505446741,0.9756037730652656,0,0,0,0,0,0,0,0,0
REFUGE,Test/0938.png,0.896591351856771,0.9878783608024584,0.9889777941239011,0.9422348563296147,0,0,0,0,0,0,0,0,0
REFUGE,Test/0939.png,0.880274930644465,0.9448014633760997,0.9467305920429141,0.9125381970102824,0,0,0,0,0,0,0,0,0
REFUGE,Test/0940.png,0.9173413166735765,0.9711346205122451,0.9722032692307429,0.9442379685929108,0,0,0,0,0,0,0,0,0
REFUGE,Test/0941.png,0.8900787340178855,0.9508995182337016,0.9500798692122595,0.9204891261257935,0,0,0,0,0,0,0,0,0
REFUGE,Test/0942.png,0.9202357074418355,0.9460039541068139,0.9497044085236995,0.9331198307743247,0,0,0,0,0,0,0,0,0
REFUGE,Test/0943.png,0.903598135026072,0.9866491399397823,0.9874055523100456,0.9451236374829272,0,0,0,0,0,0,0,0,0
REFUGE,Test/0944.png,0.9313783785067073,0.9885135909943026,0.9892427809348927,0.959945984750505,0,0,0,0,0,0,0,0,0
REFUGE,Test/0945.png,0.8916007781195092,0.9780234310365481,0.9778906019791136,0.9348121045780287,0,0,0,0,0,0,0,0,0
REFUGE,Test/0946.png,0.9162202184390396,0.9884304601430453,0.9895042072796912,0.9523253392910425,0,0,0,0,0,0,0,0,0
REFUGE,Test/0947.png,0.9425776320676041,0.9675578165270293,0.9693312131540455,0.9550677242973167,0,0,0,0,0,0,0,0,0
REFUGE,Test/0948.png,0.9627729954345043,0.9872594395287575,0.9880255891225909,0.9750162174816309,0,0,0,0,0,0,0,0,0
REFUGE,Test/0949.png,0.9219403740457006,0.9682302127030137,0.9693510284716855,0.9450852933743572,0,0,0,0,0,0,0,0,0
REFUGE,Test/0950.png,0.8896546665547957,0.9708617276882785,0.9730952213126574,0.9302581971215371,0,0,0,0,0,0,0,0,0
REFUGE,Test/0951.png,0.9112280799495416,0.9788940490226908,0.9785186183549553,0.9450610644861162,0,0,0,0,0,0,0,0,0
REFUGE,Test/0952.png,0.9007152539859815,0.979411185050453,0.9792346132559917,0.9400632195182173,0,0,0,0,0,0,0,0,0
REFUGE,Test/0953.png,0.924500066669254,0.957902595708017,0.9565120866612538,0.9412013311886355,0,0,0,0,0,0,0,0,0
REFUGE,Test/0954.png,0.9344366573966808,0.9800240953638191,0.9827840844736309,0.9572303763802499,0,0,0,0,0,0,0,0,0
REFUGE,Test/0955.png,0.943927378367502,0.9794019886756691,0.9805093062358432,0.9616646835215855,0,0,0,0,0,0,0,0,0
REFUGE,Test/0956.png,0.9745153767547592,0.9902894615683888,0.9904520241022681,0.982402419161574,0,0,0,0,0,0,0,0,0
REFUGE,Test/0957.png,0.9422405619040033,0.9752288243657828,0.977947164612299,0.958734693134893,0,0,0,0,0,0,0,0,0
REFUGE,Test/0958.png,0.9571441826498803,0.9743510243570751,0.9755372504933382,0.9657476035034778,0,0,0,0,0,0,0,0,0
REFUGE,Test/0959.png,0.9176642699823121,0.9861446838565799,0.9868379480450498,0.951904476919446,0,0,0,0,0,0,0,0,0
REFUGE,Test/0960.png,0.8607371645833343,0.9931019603271932,0.9925398245176222,0.9269195624552637,0,0,0,0,0,0,0,0,0
REFUGE,Test/0961.png,0.9074620571669305,0.9897135735772081,0.9885479452735983,0.9485878153720693,0,0,0,0,0,0,0,0,0
REFUGE,Test/0962.png,0.9096961026151895,0.990472681733066,0.99127828156517,0.9500843921741278,0,0,0,0,0,0,0,0,0
REFUGE,Test/0963.png,0.892202698800258,0.9848357181539973,0.9864521026318416,0.9385192084771277,0,0,0,0,0,0,0,0,0
REFUGE,Test/0964.png,0.8739938256382246,0.9951684524501241,0.9944782496103965,0.9345811390441743,0,0,0,0,0,0,0,0,0
REFUGE,Test/0965.png,0.9589412760890306,0.9853299299198766,0.9849932361370192,0.9721356030044536,0,0,0,0,0,0,0,0,0
REFUGE,Test/0966.png,0.8665356624496418,0.9880409161987653,0.9883138535027725,0.9272882893242036,0,0,0,0,0,0,0,0,0
REFUGE,Test/0967.png,0.9321660933098836,0.9852777946929583,0.9861100113773027,0.958721944001421,0,0,0,0,0,0,0,0,0
REFUGE,Test/0968.png,0.9674920594679413,0.9787119101480255,0.9792891903900989,0.9731019848079834,0,0,0,0,0,0,0,0,0
REFUGE,Test/0969.png,0.9196933826782846,0.9889342612446574,0.9897156038063828,0.9543138219614711,0,0,0,0,0,0,0,0,0
REFUGE,Test/0970.png,0.9058885589832706,0.9906272876842814,0.9911928655373522,0.948257923333776,0,0,0,0,0,0,0,0,0
REFUGE,Test/0971.png,0.9577177137863699,0.9863852651898569,0.9864130810407371,0.9720514894881134,0,0,0,0,0,0,0,0,0
REFUGE,Test/0972.png,0.9406796401796449,0.9714340316594704,0.9739633023591641,0.9560568359195576,0,0,0,0,0,0,0,0,0
REFUGE,Test/0973.png,0.9285372369298788,0.9529735502412011,0.9541181917394118,0.94075539358554,0,0,0,0,0,0,0,0,0
REFUGE,Test/0974.png,0.9713077387452471,0.9812497239501629,0.980373113951488,0.976278731347705,0,0,0,0,0,0,0,0,0
REFUGE,Test/0975.png,0.943678351924548,0.9866179267231805,0.9869575937936212,0.9651481393238642,0,0,0,0,0,0,0,0,0
REFUGE,Test/0976.png,0.9223333287291424,0.9860962123646881,0.9869377082670936,0.9542147705469153,0,0,0,0,0,0,0,0,0
REFUGE,Test/0977.png,0.9744609128472194,0.9810220656693432,0.9828400804799118,0.9777414892582813,0,0,0,0,0,0,0,0,0
REFUGE,Test/0978.png,0.9138940296543508,0.9741977398829142,0.9750465610361128,0.9440458847686326,0,0,0,0,0,0,0,0,0
REFUGE,Test/0979.png,0.9679729019769749,0.9855134605297972,0.9856458198998133,0.976743181253386,0,0,0,0,0,0,0,0,0
REFUGE,Test/0980.png,0.9175017265114511,0.9880319151522856,0.9888961003469097,0.9527668208318684,0,0,0,0,0,0,0,0,0
REFUGE,Test/0981.png,0.9608540023932943,0.9461165951977017,0.9481770723653153,0.953485298795498,0,0,0,0,0,0,0,0,0
REFUGE,Test/0982.png,0.8694790964195289,0.9775343446325673,0.9760698755662195,0.9235067205260481,0,0,0,0,0,0,0,0,0
REFUGE,Test/0983.png,0.8615047053443801,0.9669001278502409,0.96759366955704,0.9142024165973105,0,0,0,0,0,0,0,0,0
REFUGE,Test/0984.png,0.9052775098355945,0.9845930012459362,0.9846433464921867,0.9449352555407653,0,0,0,0,0,0,0,0,0
REFUGE,Test/0985.png,0.9251948226860157,0.9467844245404922,0.948752930456268,0.9359896236132539,0,0,0,0,0,0,0,0,0
REFUGE,Test/0986.png,0.8845538240647643,0.9647571585721464,0.9656426730945069,0.9246554913184554,0,0,0,0,0,0,0,0,0
REFUGE,Test/0987.png,0.9285901423790512,0.9717965681784959,0.9742637816172559,0.9501933552787736,0,0,0,0,0,0,0,0,0
REFUGE,Test/0988.png,0.9038585609221828,0.9693070911368309,0.9676634942726454,0.9365828260295068,0,0,0,0,0,0,0,0,0
REFUGE,Test/0989.png,0.8757408743786133,0.9879020506180688,0.9861222177249156,0.931821462498341,0,0,0,0,0,0,0,0,0
REFUGE,Test/0990.png,0.9181187638042241,0.9784066969042811,0.977354152129734,0.9482627303542526,0,0,0,0,0,0,0,0,0
REFUGE,Test/0991.png,0.770618937614539,0.9750959820202555,0.9737342117385813,0.8728574598173973,0,0,0,0,0,0,0,0,0
REFUGE,Test/0992.png,0.9365997438268092,0.9896517571035839,0.9904050753290604,0.9631257504651966,0,0,0,0,0,0,0,0,0
REFUGE,Test/0993.png,0.9519453130810547,0.9913509128416174,0.9917574264041722,0.971648112961336,0,0,0,0,0,0,0,0,0
REFUGE,Test/0994.png,0.9200318514636752,0.9809083802500949,0.9824460273940445,0.950470115856885,0,0,0,0,0,0,0,0,0
REFUGE,Test/0995.png,0.899500266153256,0.9787007924555774,0.9803695487897246,0.9391005293044167,0,0,0,0,0,0,0,0,0
REFUGE,Test/0996.png,0.9297394730127062,0.9715487357293658,0.9712091438142028,0.9506441043710361,0,0,0,0,0,0,0,0,0
REFUGE,Test/0997.png,0.8615794930472008,0.978430804097598,0.9794698875126553,0.9200051485723995,0,0,0,0,0,0,0,0,0
REFUGE,Test/0998.png,0.8211986614680222,0.9648237078350402,0.966850315196347,0.8930111846515312,0,0,0,0,0,0,0,0,0
REFUGE,Test/0999.png,0.8512076183921912,0.9842031605255532,0.9851600766690407,0.9177053894588723,0,0,0,0,0,0,0,0,0
REFUGE,Test/1000.png,0.9527802325679392,0.9797158076188879,0.9784105159212645,0.9662480200934136,0,0,0,0,0,0,0,0,0
REFUGE,Test/1001.png,0.9732582375127359,0.9635175797709437,0.96425977444089,0.9683879086418398,0,0,0,0,0,0,0,0,0
REFUGE,Test/1002.png,0.8945603353777147,0.9787326104146188,0.9799758022875087,0.9366464728961668,0,0,0,0,0,0,0,0,0
REFUGE,Test/1003.png,0.9704216502665319,0.9928620080739201,0.9919204197678106,0.981641829170226,0,0,0,0,0,0,0,0,0
REFUGE,Test/1004.png,0.9226225957419052,0.9829276751848683,0.9838295200971243,0.9527751354633868,0,0,0,0,0,0,0,0,0
REFUGE,Test/1005.png,0.9296971893037229,0.9858084113698429,0.9852984472297498,0.9577528003367829,0,0,0,0,0,0,0,0,0
REFUGE,Test/1006.png,0.963884009202226,0.9772484232552441,0.9779399354500877,0.9705662162287351,0,0,0,0,0,0,0,0,0
REFUGE,Test/1007.png,0.9590976714248425,0.9679123071485503,0.9685649399964147,0.9635049892866964,0,0,0,0,0,0,0,0,0
REFUGE,Test/1008.png,0.8689474073175862,0.9934382416015506,0.994081097178358,0.9311928244595684,0,0,0,0,0,0,0,0,0
REFUGE,Test/1009.png,0.904106147430322,0.9860806385481451,0.9862753554965856,0.9450933929892336,0,0,0,0,0,0,0,0,0
REFUGE,Test/1010.png,0.9337995472735534,0.982364570404229,0.9816111458562153,0.9580820588388912,0,0,0,0,0,0,0,0,0
REFUGE,Test/1011.png,0.9298566580761312,0.9834379359572657,0.9815426659011237,0.9566472970166984,0,0,0,0,0,0,0,0,0
REFUGE,Test/1012.png,0.8720358432847534,0.9904373409605158,0.9907292929202497,0.9312365921226347,0,0,0,0,0,0,0,0,0
REFUGE,Test/1013.png,0.8815814051415483,0.9659590802742515,0.9667588176127075,0.9237702427078999,0,0,0,0,0,0,0,0,0
REFUGE,Test/1014.png,0.9471221170048008,0.9672684599067435,0.9689707381787744,0.9571952884557722,0,0,0,0,0,0,0,0,0
REFUGE,Test/1015.png,0.9104716506464174,0.9847576222548022,0.986286820187686,0.9476146364506098,0,0,0,0,0,0,0,0,0
REFUGE,Test/1016.png,0.962524433792256,0.9771415276756436,0.9782352551950422,0.9698329807339499,0,0,0,0,0,0,0,0,0
REFUGE,Test/1017.png,0.9635644348078862,0.9827201736335431,0.9833214144051601,0.9731423042207147,0,0,0,0,0,0,0,0,0
REFUGE,Test/1018.png,0.9653372892133583,0.9823999889751156,0.9819304508186668,0.9738686390942369,0,0,0,0,0,0,0,0,0
REFUGE,Test/1019.png,0.9512077636333705,0.9773564637512344,0.9777741825961808,0.9642821136923024,0,0,0,0,0,0,0,0,0
REFUGE,Test/1020.png,0.9052501851392483,0.9629016650458391,0.9622005508467804,0.9340759250925437,0,0,0,0,0,0,0,0,0
REFUGE,Test/1021.png,0.896053029309469,0.9681875680655749,0.9670205779879943,0.9321202986875219,0,0,0,0,0,0,0,0,0
REFUGE,Test/1022.png,0.8910996514835907,0.9810436658577213,0.9828442661848595,0.936071658670656,0,0,0,0,0,0,0,0,0
REFUGE,Test/1023.png,0.8251581192938674,0.9694537839708885,0.970656149462624,0.897305951632378,0,0,0,0,0,0,0,0,0
REFUGE,Test/1024.png,0.8136293236964378,0.9696682881547716,0.969530658866909,0.8916488059256047,0,0,0,0,0,0,0,0,0
REFUGE,Test/1025.png,0.9438445293352342,0.9908597288940542,0.9923873042951613,0.9673521291146442,0,0,0,0,0,0,0,0,0
REFUGE,Test/1026.png,0.9550319214027501,0.9873263882071647,0.9874823054032724,0.9711791548049573,0,0,0,0,0,0,0,0,0
REFUGE,Test/1027.png,0.9323094653933122,0.9853343141638402,0.9867823437102594,0.9588218897785762,0,0,0,0,0,0,0,0,0
REFUGE,Test/1028.png,0.9329244924981048,0.9658381047948269,0.9656336819811037,0.9493812986464658,0,0,0,0,0,0,0,0,0
REFUGE,Test/1029.png,0.9472150853036072,0.9838559605522675,0.9833505888477014,0.9655355229279374,0,0,0,0,0,0,0,0,0
REFUGE,Test/1030.png,0.9189590565431248,0.9778112800068474,0.978995683080659,0.9483851682749861,0,0,0,0,0,0,0,0,0
REFUGE,Test/1031.png,0.9421720749891818,0.9807785410462331,0.9811707357538907,0.9614753080177074,0,0,0,0,0,0,0,0,0
REFUGE,Test/1032.png,0.9438320352340083,0.956304965288067,0.9595146445794238,0.9500685002610376,0,0,0,0,0,0,0,0,0
REFUGE,Test/1033.png,0.8472161876839591,0.9883742919053924,0.9892643732819759,0.9177952397946758,0,0,0,0,0,0,0,0,0
REFUGE,Test/1034.png,0.9186498391379436,0.9828674400855133,0.9833482912558246,0.9507586396117285,0,0,0,0,0,0,0,0,0
REFUGE,Test/1035.png,0.8978741063527909,0.9460727309140207,0.9477247771979835,0.9219734186334058,0,0,0,0,0,0,0,0,0
REFUGE,Test/1036.png,0.9338425169504967,0.9829869873193527,0.9846964192230654,0.9584147521349247,0,0,0,0,0,0,0,0,0
REFUGE,Test/1037.png,0.4996324955631476,0.9742964570837012,0.975565825034796,0.7369644763234244,0,0,0,0,0,0,0,0,0
REFUGE,Test/1038.png,0.8854195097037234,0.9839771565979861,0.9837272625344569,0.9346983331508547,0,0,0,0,0,0,0,0,0
REFUGE,Test/1039.png,0.9293602040939232,0.9845186571646183,0.9861321918225958,0.9569394306292707,0,0,0,0,0,0,0,0,0
REFUGE,Test/1040.png,0.9082801584461913,0.9841216812983422,0.9852899366635004,0.9462009198722667,0,0,0,0,0,0,0,0,0
REFUGE,Test/1041.png,0.9662946615232105,0.9848319782987685,0.9869701738242013,0.9755633199109894,0,0,0,0,0,0,0,0,0
REFUGE,Test/1042.png,0.9432765987921214,0.9855784130867475,0.9872501922417742,0.9644275059394345,0,0,0,0,0,0,0,0,0
REFUGE,Test/1043.png,0.901186843730363,0.9818909890482005,0.9817052781653031,0.9415389163892818,0,0,0,0,0,0,0,0,0
REFUGE,Test/1044.png,0.9588899033368833,0.963514218268918,0.9659089169450581,0.9612020608029006,0,0,0,0,0,0,0,0,0
REFUGE,Test/1045.png,0.9235475645918005,0.990230415152053,0.9878804999197742,0.9568889898719268,0,0,0,0,0,0,0,0,0
REFUGE,Test/1046.png,0.893215654481057,0.976208264338783,0.9768374388812255,0.93471195940992,0,0,0,0,0,0,0,0,0
REFUGE,Test/1047.png,0.9261220314350327,0.9728777310549188,0.9743057093906244,0.9494998812449758,0,0,0,0,0,0,0,0,0
REFUGE,Test/1048.png,0.9307630525992301,0.976442519096852,0.9778401691028374,0.953602785848041,0,0,0,0,0,0,0,0,0
REFUGE,Test/1049.png,0.905499558864929,0.9530526163570021,0.9562171508621333,0.9292760876109656,0,0,0,0,0,0,0,0,0
REFUGE,Test/1050.png,0.9284063588456904,0.9719200644374191,0.9731191761879452,0.9501632116415548,0,0,0,0,0,0,0,0,0
REFUGE,Test/1051.png,0.9436319076574738,0.991353228584305,0.9918693480183257,0.9674925681208895,0,0,0,0,0,0,0,0,0
REFUGE,Test/1052.png,0.9597734191119214,0.9911402050238789,0.9901406677172713,0.9754568120679001,0,0,0,0,0,0,0,0,0
REFUGE,Test/1053.png,0.9235912625301668,0.9865925181262032,0.9870890912561227,0.955091890328185,0,0,0,0,0,0,0,0,0
REFUGE,Test/1054.png,0.9645091480223189,0.9873378288965569,0.9872368996341829,0.9759234884594379,0,0,0,0,0,0,0,0,0
REFUGE,Test/1055.png,0.9143268766997803,0.9835845473053751,0.9853654113045351,0.9489557120025778,0,0,0,0,0,0,0,0,0
REFUGE,Test/1056.png,0.9644629665224478,0.9841322612749178,0.9838439721549797,0.9742976138986827,0,0,0,0,0,0,0,0,0
REFUGE,Test/1057.png,0.9643238421474174,0.9853786375596846,0.9849826529570107,0.9748512398535509,0,0,0,0,0,0,0,0,0
REFUGE,Test/1058.png,0.9386499520453009,0.9776256897750283,0.9778083710421257,0.9581378209101645,0,0,0,0,0,0,0,0,0
REFUGE,Test/1059.png,0.9762598433618914,0.9830594638113938,0.9832712465865581,0.9796596535866426,0,0,0,0,0,0,0,0,0
REFUGE,Test/1060.png,0.962866315447078,0.987860817501024,0.9884931265820611,0.975363566474051,0,0,0,0,0,0,0,0,0
REFUGE,Test/1061.png,0.8848688584361294,0.989400524701028,0.989264670603643,0.9371346915685788,0,0,0,0,0,0,0,0,0
REFUGE,Test/1062.png,0.9567862471471069,0.9914016217540481,0.9919722084289042,0.9740939344505775,0,0,0,0,0,0,0,0,0
REFUGE,Test/1063.png,0.9581365395701542,0.9634841839537034,0.9650097897941914,0.9608103617619288,0,0,0,0,0,0,0,0,0
REFUGE,Test/1064.png,0.9045062836097596,0.9787187402296669,0.9799747449852663,0.9416125119197132,0,0,0,0,0,0,0,0,0
REFUGE,Test/1065.png,0.9285059401198608,0.9796265288885395,0.982829464184183,0.9540662345042001,0,0,0,0,0,0,0,0,0
REFUGE,Test/1066.png,0.9130844726196599,0.9618904732727886,0.9628818262220757,0.9374874729462243,0,0,0,0,0,0,0,0,0
REFUGE,Test/1067.png,0.9686569719035589,0.9771881249837906,0.9794845629639664,0.9729225484436748,0,0,0,0,0,0,0,0,0
REFUGE,Test/1068.png,0.9528692775822367,0.9713401069829446,0.9716228138782408,0.9621046922825907,0,0,0,0,0,0,0,0,0
REFUGE,Test/1069.png,0.8714041641135402,0.9847074055309273,0.9849489494711658,0.9280557848222337,0,0,0,0,0,0,0,0,0
REFUGE,Test/1070.png,0.8985909626350554,0.9793778720753299,0.979439176270195,0.9389844173551927,0,0,0,0,0,0,0,0,0
REFUGE,Test/1071.png,0.7419715948618676,0.9701927845384852,0.9698043508683989,0.8560821897001765,0,0,0,0,0,0,0,0,0
REFUGE,Test/1072.png,0.9444366723896455,0.982795098779955,0.9841329030445883,0.9636158855848003,0,0,0,0,0,0,0,0,0
REFUGE,Test/1073.png,0.9452523033782816,0.9799971916436643,0.9810427109173472,0.9626247475109729,0,0,0,0,0,0,0,0,0
REFUGE,Test/1074.png,0.9640391607833567,0.9662438877377622,0.9686052882579393,0.9651415242605594,0,0,0,0,0,0,0,0,0
REFUGE,Test/1075.png,0.904509505495029,0.936149436491858,0.9371418374670542,0.9203294709934435,0,0,0,0,0,0,0,0,0
REFUGE,Test/1076.png,0.8628877523215519,0.9845391621187887,0.9836069341653172,0.9237134572201703,0,0,0,0,0,0,0,0,0
REFUGE,Test/1077.png,0.9476569873133703,0.9863667867593927,0.986779114001697,0.9670118870363815,0,0,0,0,0,0,0,0,0
REFUGE,Test/1078.png,0.9654840049196839,0.9813660212100463,0.9822344536685067,0.9734250130648652,0,0,0,0,0,0,0,0,0
REFUGE,Test/1079.png,0.9477057409454033,0.9761961729669575,0.97799888133226,0.9619509569561804,0,0,0,0,0,0,0,0,0
REFUGE,Test/1080.png,0.8427683267210547,0.9721169605425002,0.9730678901662877,0.9074426436317775,0,0,0,0,0,0,0,0,0
REFUGE,Test/1081.png,0.9654586015851876,0.9740413151638085,0.9746832699149759,0.9697499583744981,0,0,0,0,0,0,0,0,0
REFUGE,Test/1082.png,0.8831301537791536,0.9833329127523442,0.984660314713398,0.9332315332657489,0,0,0,0,0,0,0,0,0
REFUGE,Test/1083.png,0.8749960725816301,0.9750604134041706,0.9758025729044624,0.9250282429929004,0,0,0,0,0,0,0,0,0
REFUGE,Test/1084.png,0.9543885211358121,0.9942239317879971,0.9945474352132982,0.9743062264619046,0,0,0,0,0,0,0,0,0
REFUGE,Test/1085.png,0.9412705115211001,0.9950203521545858,0.9946842444275876,0.968145431837843,0,0,0,0,0,0,0,0,0
REFUGE,Test/1086.png,0.922518505805443,0.9856331376036109,0.9849817645822319,0.954075821704527,0,0,0,0,0,0,0,0,0
REFUGE,Test/1087.png,0.9374581004758329,0.9873516625196943,0.9875597508738556,0.9624048814977636,0,0,0,0,0,0,0,0,0
REFUGE,Test/1088.png,0.9858313970855113,0.9774912328307623,0.9778859074656181,0.9816613149581368,0,0,0,0,0,0,0,0,0
REFUGE,Test/1089.png,0.9516248138686152,0.9836227464352727,0.9854645436486418,0.967623780151944,0,0,0,0,0,0,0,0,0
REFUGE,Test/1090.png,0.9066072930768077,0.976754921327873,0.9773724210157715,0.9416811072023403,0,0,0,0,0,0,0,0,0
REFUGE,Test/1091.png,0.9672726071953671,0.9834587621180145,0.9847999561275688,0.9753656846566908,0,0,0,0,0,0,0,0,0
REFUGE,Test/1092.png,0.9359984271476147,0.9385029989869849,0.9408846684224215,0.9372507130672998,0,0,0,0,0,0,0,0,0
REFUGE,Test/1093.png,0.9404605466159008,0.9885375345502838,0.9874219164393078,0.9644990405830923,0,0,0,0,0,0,0,0,0
REFUGE,Test/1094.png,0.9514816999872264,0.968541741286618,0.9690520416392483,0.9600117206369222,0,0,0,0,0,0,0,0,0
REFUGE,Test/1095.png,0.8653960420015754,0.9879441051369321,0.9876777329868252,0.9266700735692537,0,0,0,0,0,0,0,0,0
REFUGE,Test/1096.png,0.9225538397271187,0.9915244206497671,0.9920031247702861,0.9570391301884429,0,0,0,0,0,0,0,0,0
REFUGE,Test/1097.png,0.9127125348992078,0.9691661864425698,0.9717241211854347,0.9409393606708888,0,0,0,0,0,0,0,0,0
REFUGE,Test/1098.png,0.9352276840319493,0.9734084870480533,0.9741145940961499,0.9543180855400013,0,0,0,0,0,0,0,0,0
REFUGE,Test/1099.png,0.8734585189243717,0.9885733269446666,0.9882291955019263,0.9310159229345192,0,0,0,0,0,0,0,0,0
REFUGE,Test/1100.png,0.9493615680696185,0.9075905979800972,0.9097827184471303,0.9284760830248578,0,0,0,0,0,0,0,0,0
REFUGE,Test/1101.png,0.8617808568570399,0.9716828262217605,0.9726946807583463,0.9167318415394001,0,0,0,0,0,0,0,0,0
REFUGE,Test/1102.png,0.6955270091625598,0.8745872344875534,0.8673310214005094,0.7850571218250566,0,0,0,0,0,0,0,0,0
REFUGE,Test/1103.png,0.9748947180992354,0.9901758087939909,0.9915628520155594,0.9825352634466131,0,0,0,0,0,0,0,0,0
REFUGE,Test/1104.png,0.6940713944344193,0.9809773004355984,0.9811306532253741,0.8375243474350089,0,0,0,0,0,0,0,0,0
REFUGE,Test/1105.png,0.9089973954614061,0.9780441935831663,0.9774701713843909,0.9435207945222862,0,0,0,0,0,0,0,0,0
REFUGE,Test/1106.png,0.9284677998105911,0.9348416739161249,0.9382085783966199,0.9316547368633581,0,0,0,0,0,0,0,0,0
REFUGE,Test/1107.png,0.9382602086121539,0.9753492579792544,0.9772481821983172,0.9568047332957041,0,0,0,0,0,0,0,0,0
REFUGE,Test/1108.png,0.9638188494714539,0.9619969383876197,0.9617115276431003,0.9629078939295368,0,0,0,0,0,0,0,0,0
REFUGE,Test/1109.png,0.9514057987210642,0.9893161806062549,0.9901183956543596,0.9703609896636596,0,0,0,0,0,0,0,0,0
REFUGE,Test/1110.png,0.9121256805363402,0.9196444588918705,0.9195096439455777,0.9158850697141054,0,0,0,0,0,0,0,0,0
REFUGE,Test/1111.png,0.9421137316297579,0.9678972370601406,0.9699132208232717,0.9550054843449493,0,0,0,0,0,0,0,0,0
REFUGE,Test/1112.png,0.9207835668079936,0.9590040620742158,0.9625368047499657,0.9398938144411046,0,0,0,0,0,0,0,0,0
REFUGE,Test/1113.png,0.8940532196060129,0.9848277819251339,0.9853453877794385,0.9394405007655734,0,0,0,0,0,0,0,0,0
REFUGE,Test/1114.png,0.7180597649353349,0.9819776831039057,0.9817024890983101,0.8500187240196202,0,0,0,0,0,0,0,0,0
REFUGE,Test/1115.png,0.8956004376729194,0.9646671133701855,0.9646622017642008,0.9301337755215524,0,0,0,0,0,0,0,0,0
REFUGE,Test/1116.png,0.9489684612008266,0.9738960254470195,0.9749161116508978,0.9614322433239231,0,0,0,0,0,0,0,0,0
REFUGE,Test/1117.png,0.8346970591728287,0.9139097260245138,0.9161380796153198,0.8743033925986712,0,0,0,0,0,0,0,0,0
REFUGE,Test/1118.png,0.9256439806880581,0.9797646781850273,0.9803872134120081,0.9527043294365427,0,0,0,0,0,0,0,0,0
REFUGE,Test/1119.png,0.9581189931385723,0.9847076773304135,0.9863273689796367,0.9714133352344929,0,0,0,0,0,0,0,0,0
REFUGE,Test/1120.png,0.9699605047512151,0.9875329624745413,0.9887264283511479,0.9787467336128781,0,0,0,0,0,0,0,0,0
REFUGE,Test/1121.png,0.9306075749672291,0.9872823879745452,0.9876573343700594,0.9589449814708871,0,0,0,0,0,0,0,0,0
REFUGE,Test/1122.png,0.867892949681909,0.9951137757299784,0.9950290544557702,0.9315033627059437,0,0,0,0,0,0,0,0,0
REFUGE,Test/1123.png,0.8740026783226359,0.9532459132700815,0.9571404877434996,0.9136242957963587,0,0,0,0,0,0,0,0,0
REFUGE,Test/1124.png,0.968579071807878,0.9750065711182205,0.9772410888418475,0.9717928214630492,0,0,0,0,0,0,0,0,0
REFUGE,Test/1125.png,0.9134615997343695,0.9816657235484588,0.9820724911592108,0.9475636616414141,0,0,0,0,0,0,0,0,0
REFUGE,Test/1126.png,0.831715138570329,0.9801307785215967,0.9812982343430583,0.9059229585459628,0,0,0,0,0,0,0,0,0
REFUGE,Test/1127.png,0.9464226463848597,0.9812196945246403,0.9822087733020856,0.96382117045475,0,0,0,0,0,0,0,0,0
REFUGE,Test/1128.png,0.9202209427987091,0.9731407521197509,0.9723119364875912,0.9466808474592301,0,0,0,0,0,0,0,0,0
REFUGE,Test/1129.png,0.9143895131314927,0.9877396836468681,0.9881989268669982,0.9510645983891804,0,0,0,0,0,0,0,0,0
REFUGE,Test/1130.png,0.9329591087729547,0.9842516528656438,0.984772978129024,0.9586053808192992,0,0,0,0,0,0,0,0,0
REFUGE,Test/1131.png,0.9025175414399891,0.9924655675419115,0.9919392463493395,0.9474915544909503,0,0,0,0,0,0,0,0,0
REFUGE,Test/1132.png,0.8993962768712829,0.9855315531401118,0.9871516959898722,0.9424639150056973,0,0,0,0,0,0,0,0,0
REFUGE,Test/1133.png,0.8952575294088085,0.9917741702356522,0.9910078463500227,0.9435158498222304,0,0,0,0,0,0,0,0,0
REFUGE,Test/1134.png,0.898531989287142,0.979131893744088,0.9788818266172481,0.938831941515615,0,0,0,0,0,0,0,0,0
REFUGE,Test/1135.png,0.9701891992307977,0.9691168787773471,0.9706471774904405,0.9696530390040724,0,0,0,0,0,0,0,0,0
REFUGE,Test/1136.png,0.9232105685758487,0.9825355875274366,0.9843147850363857,0.9528730780516427,0,0,0,0,0,0,0,0,0
REFUGE,Test/1137.png,0.8421113518680943,0.9790999600189323,0.9797112004058266,0.9106056559435133,0,0,0,0,0,0,0,0,0
REFUGE,Test/1138.png,0.9025608312725417,0.9822140537936298,0.9817036887652202,0.9423874425330858,0,0,0,0,0,0,0,0,0
REFUGE,Test/1139.png,0.8488191331126749,0.9864851531177334,0.9867074918390164,0.9176521431152042,0,0,0,0,0,0,0,0,0
REFUGE,Test/1140.png,0.9750034125652711,0.9844263252120892,0.9851599436995232,0.9797148688886801,0,0,0,0,0,0,0,0,0
REFUGE,Test/1141.png,0.9417410866943849,0.9803846241913222,0.9805418493069068,0.9610628554428535,0,0,0,0,0,0,0,0,0
REFUGE,Test/1142.png,0.8703542159096821,0.9816590480911,0.9829025524331956,0.926006632000391,0,0,0,0,0,0,0,0,0
REFUGE,Test/1143.png,0.902622751929343,0.9862939434169287,0.9876689087897051,0.9444583476731359,0,0,0,0,0,0,0,0,0
REFUGE,Test/1144.png,0.9427999232515936,0.9836676037611394,0.9834473193054174,0.9632337635063665,0,0,0,0,0,0,0,0,0
REFUGE,Test/1145.png,0.9569900658946942,0.9814211076362831,0.9823466571563146,0.9692055867654886,0,0,0,0,0,0,0,0,0
REFUGE,Test/1146.png,0.896588448994557,0.956945114469516,0.9588502895942312,0.9267667817320365,0,0,0,0,0,0,0,0,0
REFUGE,Test/1147.png,0.9008230652067939,0.977811377160587,0.9798056830715358,0.9393172211836904,0,0,0,0,0,0,0,0,0
REFUGE,Test/1148.png,0.9313254689461856,0.9858918994347529,0.9851358531921868,0.9586086841904693,0,0,0,0,0,0,0,0,0
REFUGE,Test/1149.png,0.895998667256888,0.9927054604090542,0.9934980701916176,0.9443520638329711,0,0,0,0,0,0,0,0,0
REFUGE,Test/1150.png,0.93727065970611,0.973184302968616,0.9755182613689892,0.955227481337363,0,0,0,0,0,0,0,0,0
REFUGE,Test/1151.png,0.8173289186300738,0.9795369382496746,0.9806174401017372,0.8984329284398742,0,0,0,0,0,0,0,0,0
REFUGE,Test/1152.png,0.9125741992641454,0.9670160551947726,0.969221547084322,0.939795127229459,0,0,0,0,0,0,0,0,0
REFUGE,Test/1153.png,0.940333516708621,0.9860150709610949,0.9851805701125369,0.963174293834858,0,0,0,0,0,0,0,0,0
REFUGE,Test/1154.png,0.8450211549220646,0.9715276695609762,0.9730864335724239,0.9082744122415205,0,0,0,0,0,0,0,0,0
REFUGE,Test/1155.png,0.836463200944511,0.9651755262650459,0.9673370274129658,0.9008193636047784,0,0,0,0,0,0,0,0,0
REFUGE,Test/1156.png,0.9429849101152927,0.9747460501428646,0.975410098168038,0.9588654801290787,0,0,0,0,0,0,0,0,0
REFUGE,Test/1157.png,0.9359545331096087,0.9829538010767268,0.9841798260546766,0.9594541670931678,0,0,0,0,0,0,0,0,0
REFUGE,Test/1158.png,0.9536339505471336,0.9826349017020539,0.9807570413657325,0.9681344261245938,0,0,0,0,0,0,0,0,0
REFUGE,Test/1159.png,0.9162089794148272,0.9798949584540271,0.9815705380217425,0.9480519689344271,0,0,0,0,0,0,0,0,0
REFUGE,Test/1160.png,0.7846526605936845,0.9866161201232894,0.9883477633349387,0.8856343903584869,0,0,0,0,0,0,0,0,0
REFUGE,Test/1161.png,0.9677873603121618,0.9892463366721018,0.9899649803348474,0.9785168484921318,0,0,0,0,0,0,0,0,0
REFUGE,Test/1162.png,0.9114836953325004,0.9725747850043129,0.9733229442672189,0.9420292401684067,0,0,0,0,0,0,0,0,0
REFUGE,Test/1163.png,0.8896681728545035,0.9885052510209007,0.9906173949751114,0.9390867119377021,0,0,0,0,0,0,0,0,0
REFUGE,Test/1164.png,0.9290115344271053,0.9881180531693675,0.9893308601822273,0.9585647937982364,0,0,0,0,0,0,0,0,0
REFUGE,Test/1165.png,0.9689169801129579,0.9657901408662026,0.9680369613159683,0.9673535604895802,0,0,0,0,0,0,0,0,0
REFUGE,Test/1166.png,0.860416740866217,0.990619872510512,0.9906240837343416,0.9255183066883645,0,0,0,0,0,0,0,0,0
REFUGE,Test/1167.png,0.9697940004333809,0.9856550358507429,0.9862817816862364,0.977724518142062,0,0,0,0,0,0,0,0,0
REFUGE,Test/1168.png,0.9591016060704181,0.9782016772955114,0.9783408113227741,0.9686516416829647,0,0,0,0,0,0,0,0,0
REFUGE,Test/1169.png,0.9263501325255536,0.9815381844998518,0.9832974081847847,0.9539441585127026,0,0,0,0,0,0,0,0,0
REFUGE,Test/1170.png,0.9316809537776589,0.9804636821999917,0.9797381357300696,0.9560723179888253,0,0,0,0,0,0,0,0,0
REFUGE,Test/1171.png,0.9107738410193698,0.9882320499450019,0.9874286797778551,0.9495029454821858,0,0,0,0,0,0,0,0,0
REFUGE,Test/1172.png,0.9601604096710101,0.9919643515959435,0.9910579005601208,0.9760623806334768,0,0,0,0,0,0,0,0,0
REFUGE,Test/1173.png,0.8926253450478325,0.9705065394099317,0.9712884046761794,0.9315659422288821,0,0,0,0,0,0,0,0,0
REFUGE,Test/1174.png,0.9017654461484077,0.9675562497022554,0.9701072610714659,0.9346608479253316,0,0,0,0,0,0,0,0,0
REFUGE,Test/1175.png,0.9607300855561399,0.9703964328486989,0.9727267383015255,0.9655632592024195,0,0,0,0,0,0,0,0,0
REFUGE,Test/1176.png,0.9588018540874641,0.9929288354892734,0.9930334891743343,0.9758653447883687,0,0,0,0,0,0,0,0,0
REFUGE,Test/1177.png,0.9490362732720475,0.9605252701980965,0.9620809134486848,0.954780771735072,0,0,0,0,0,0,0,0,0
REFUGE,Test/1178.png,0.9428791168514044,0.9847168113757023,0.9835578905975892,0.9637979641135533,0,0,0,0,0,0,0,0,0
REFUGE,Test/1179.png,0.9163963408145449,0.9681748780237847,0.9704496140496277,0.9422856094191647,0,0,0,0,0,0,0,0,0
REFUGE,Test/1180.png,0.8788027242490744,0.9862271406206362,0.9875465732381357,0.9325149324348553,0,0,0,0,0,0,0,0,0
REFUGE,Test/1181.png,0.9165915136749845,0.9876319368010948,0.9892690063851108,0.9521117252380397,0,0,0,0,0,0,0,0,0
REFUGE,Test/1182.png,0.9170790200341727,0.9822617804393967,0.9824187144510765,0.9496704002367847,0,0,0,0,0,0,0,0,0
REFUGE,Test/1183.png,0.874350986188998,0.948951455018783,0.9499753312100736,0.9116512206038905,0,0,0,0,0,0,0,0,0
REFUGE,Test/1184.png,0.9106004912724543,0.9842494200346181,0.9833529660988672,0.9474249556535362,0,0,0,0,0,0,0,0,0
REFUGE,Test/1185.png,0.9260632439266345,0.9793511893572932,0.9812077766148285,0.9527072166419639,0,0,0,0,0,0,0,0,0
REFUGE,Test/1186.png,0.8834964536329197,0.9634095575521786,0.9647431325287165,0.9234530055925492,0,0,0,0,0,0,0,0,0
REFUGE,Test/1187.png,0.9224662513589342,0.9801779074341808,0.9807748561837167,0.9513220793965576,0,0,0,0,0,0,0,0,0
REFUGE,Test/1188.png,0.9086473485815204,0.9397851714853078,0.9428306377399727,0.9242162600334141,0,0,0,0,0,0,0,0,0
REFUGE,Test/1189.png,0.9383601849320076,0.9695352861155166,0.9717618004725339,0.9539477355237621,0,0,0,0,0,0,0,0,0
REFUGE,Test/1190.png,0.9112432470257599,0.9832201554133004,0.9843601890034983,0.9472317012195302,0,0,0,0,0,0,0,0,0
REFUGE,Test/1191.png,0.8662042347724419,0.9696450818500475,0.971822626143173,0.9179246583112447,0,0,0,0,0,0,0,0,0
REFUGE,Test/1192.png,0.9385427702439604,0.986571243739879,0.9886599498374291,0.9625570069919197,0,0,0,0,0,0,0,0,0
REFUGE,Test/1193.png,0.8805237114690421,0.9902726072916453,0.9906762637541908,0.9353981593803438,0,0,0,0,0,0,0,0,0
REFUGE,Test/1194.png,0.9668897733131907,0.9917699915550927,0.9923951657182979,0.9793298824341417,0,0,0,0,0,0,0,0,0
REFUGE,Test/1195.png,0.9467984736602837,0.9863510788662225,0.985603795057424,0.966574776263253,0,0,0,0,0,0,0,0,0
REFUGE,Test/1196.png,0.8877738620652202,0.991200537509819,0.9911668843851642,0.9394871997875196,0,0,0,0,0,0,0,0,0
REFUGE,Test/1197.png,0.8183074479949237,0.9840044159994417,0.9858467148211771,0.9011559319971827,0,0,0,0,0,0,0,0,0
REFUGE,Test/1198.png,0.8483656911520003,0.9538986854177198,0.9543069291310597,0.9011321882848601,0,0,0,0,0,0,0,0,0
REFUGE,Test/1199.png,0.9273544753385428,0.9810600397896528,0.9826361195250004,0.9542072575640979,0,0,0,0,0,0,0,0,0
REFUGE,Test/1200.png,0.8833313962157536,0.9524052774481602,0.9534202954853555,0.9178683368319569,0,0,0,0,0,0,0,0,0
