dataset,NOMBRE,DICE OC,DICE OD,DICE AVG,PRECISION OC,PRECISION OD,RECALL OC,RECALL OD,Hausdorff_distance_OC,Hausdorff_distance_OD
ORIGA,001.png,0.8689440762870541,0.9640113072273975,0.9164776917572257,0,0,0,0,0,0
ORIGA,002.png,0.9220084431717142,0.9408470867885627,0.9314277649801384,0,0,0,0,0,0
ORIGA,003.png,0.6741161794818115,0.9474219406205653,0.8107690600511883,0,0,0,0,0,0
ORIGA,004.png,0.835163729263283,0.9729724477965234,0.9040680885299032,0,0,0,0,0,0
ORIGA,005.png,0.9359437083921017,0.9800524789123809,0.9579980936522413,0,0,0,0,0,0
ORIGA,006.png,0.9108464698040629,0.9528162012206562,0.9318313355123595,0,0,0,0,0,0
ORIGA,007.png,0.9022204426005915,0.9630239248101544,0.932622183705373,0,0,0,0,0,0
ORIGA,008.png,0.9365979590184063,0.9670893112812906,0.9518436351498485,0,0,0,0,0,0
ORIGA,009.png,0.9377116989057287,0.9669954980910695,0.9523535984983991,0,0,0,0,0,0
ORIGA,010.png,0.937896604947956,0.9645490183869705,0.9512228116674633,0,0,0,0,0,0
ORIGA,011.png,0.9507702091121415,0.9712393629716833,0.9610047860419124,0,0,0,0,0,0
ORIGA,012.png,0.9673857164712674,0.9735622426945967,0.970473979582932,0,0,0,0,0,0
ORIGA,013.png,0.9193165775714217,0.9769343386535644,0.948125458112493,0,0,0,0,0,0
ORIGA,014.png,0.7852881263165198,0.9644617143568179,0.8748749203366688,0,0,0,0,0,0
ORIGA,015.png,0.9504526641826587,0.9648279145243117,0.9576402893534852,0,0,0,0,0,0
ORIGA,016.png,0.9384872230915826,0.9560687731481693,0.947277998119876,0,0,0,0,0,0
ORIGA,017.png,0.9069821109890958,0.9749669705077544,0.9409745407484251,0,0,0,0,0,0
ORIGA,018.png,0.8682791911414527,0.9725580376227374,0.920418614382095,0,0,0,0,0,0
ORIGA,019.png,0.9092052375732323,0.9490773011746355,0.9291412693739339,0,0,0,0,0,0
ORIGA,020.png,0.8497018147484393,0.9541239308383533,0.9019128727933963,0,0,0,0,0,0
ORIGA,021.png,0.7999728167566329,0.9511389149333775,0.8755558658450052,0,0,0,0,0,0
ORIGA,022.png,0.9570353860502904,0.9698916844459657,0.963463535248128,0,0,0,0,0,0
ORIGA,023.png,0.9750838886037673,0.9635211581323728,0.9693025233680701,0,0,0,0,0,0
ORIGA,024.png,0.941209757639919,0.9688305798625431,0.955020168751231,0,0,0,0,0,0
ORIGA,025.png,0.9378108690425773,0.8557352119689011,0.8967730405057392,0,0,0,0,0,0
ORIGA,026.png,0.9391138450509906,0.9639517018049436,0.951532773427967,0,0,0,0,0,0
ORIGA,027.png,0.9205504693618713,0.9668500333930976,0.9437002513774845,0,0,0,0,0,0
ORIGA,028.png,0.9831469101163476,0.9665036516085366,0.974825280862442,0,0,0,0,0,0
ORIGA,029.png,0.9163477837460605,0.9710948359992373,0.9437213098726489,0,0,0,0,0,0
ORIGA,030.png,0.8852867186060649,0.9740842845339099,0.9296855015699874,0,0,0,0,0,0
ORIGA,031.png,0.8350817340564385,0.9145207925289068,0.8748012632926727,0,0,0,0,0,0
ORIGA,032.png,0.9038718788618861,0.9744871393211352,0.9391795090915107,0,0,0,0,0,0
ORIGA,033.png,0.8967003546196166,0.9550698511183737,0.9258851028689952,0,0,0,0,0,0
ORIGA,034.png,0.9067046693176726,0.9793236421361355,0.9430141557269041,0,0,0,0,0,0
ORIGA,035.png,0.8429227342041417,0.9717049868068474,0.9073138605054945,0,0,0,0,0,0
ORIGA,036.png,0.9211045479477427,0.9756247918399108,0.9483646698938267,0,0,0,0,0,0
ORIGA,037.png,0.9156575782295164,0.9800365837700722,0.9478470809997943,0,0,0,0,0,0
ORIGA,038.png,0.9363822622170026,0.955141631075596,0.9457619466462993,0,0,0,0,0,0
ORIGA,039.png,0.9637572385218836,0.9569972254564196,0.9603772319891516,0,0,0,0,0,0
ORIGA,040.png,0.8577953287097597,0.9079613972414353,0.8828783629755975,0,0,0,0,0,0
ORIGA,041.png,0.9110781484612094,0.974184917325573,0.9426315328933912,0,0,0,0,0,0
ORIGA,042.png,0.8151489252279718,0.9417284062758333,0.8784386657519025,0,0,0,0,0,0
ORIGA,043.png,0.9133699911606947,0.9847762576164133,0.949073124388554,0,0,0,0,0,0
ORIGA,044.png,0.9543509298743534,0.9781816260799652,0.9662662779771594,0,0,0,0,0,0
ORIGA,045.png,0.8892122412963821,0.97624075997174,0.932726500634061,0,0,0,0,0,0
ORIGA,046.png,0.9083710440180832,0.9727190493580367,0.9405450466880599,0,0,0,0,0,0
ORIGA,047.png,0.9356956496500555,0.9582538295961149,0.9469747396230852,0,0,0,0,0,0
ORIGA,048.png,0.9219246942061716,0.9703753678274913,0.9461500310168315,0,0,0,0,0,0
ORIGA,049.png,0.9047432508046975,0.9745105362426882,0.9396268935236929,0,0,0,0,0,0
ORIGA,050.png,0.9373022613497277,0.9608328388580838,0.9490675501039058,0,0,0,0,0,0
ORIGA,051.png,0.9778390565193628,0.9674493313483213,0.972644193933842,0,0,0,0,0,0
ORIGA,052.png,0.9264390005828685,0.9801636449108762,0.9533013227468723,0,0,0,0,0,0
ORIGA,053.png,0.8599699426459699,0.9791498876484032,0.9195599151471865,0,0,0,0,0,0
ORIGA,054.png,0.9106679175472192,0.9711488634428631,0.9409083904950412,0,0,0,0,0,0
ORIGA,055.png,0.905143300669343,0.9819045818680507,0.9435239412686969,0,0,0,0,0,0
ORIGA,056.png,0.8891565595628603,0.9782698561703181,0.9337132078665893,0,0,0,0,0,0
ORIGA,057.png,0.9714816972846101,0.9818610802263414,0.9766713887554758,0,0,0,0,0,0
ORIGA,058.png,0.9661843900943909,0.977630470827348,0.9719074304608695,0,0,0,0,0,0
ORIGA,059.png,0.8742642206065276,0.9798861375812682,0.9270751790938979,0,0,0,0,0,0
ORIGA,060.png,0.9523039331436719,0.9665880528115549,0.9594459929776133,0,0,0,0,0,0
ORIGA,061.png,0.9073384493871463,0.9806149316122046,0.9439766904996754,0,0,0,0,0,0
ORIGA,062.png,0.9698966483440769,0.979495171575341,0.974695909959709,0,0,0,0,0,0
ORIGA,063.png,0.9344414522496551,0.9592401523047351,0.9468408022771951,0,0,0,0,0,0
ORIGA,064.png,0.9443730088456563,0.9798950634156466,0.9621340361306514,0,0,0,0,0,0
ORIGA,065.png,0.946464456389239,0.9796228804438329,0.963043668416536,0,0,0,0,0,0
ORIGA,066.png,0.984442919501129,0.9637162899109184,0.9740796047060237,0,0,0,0,0,0
ORIGA,067.png,0.8818364278618627,0.979815629491301,0.9308260286765818,0,0,0,0,0,0
ORIGA,068.png,0.9153518284917056,0.9523284220287742,0.93384012526024,0,0,0,0,0,0
ORIGA,069.png,0.7633071457118485,0.98204053673064,0.8726738412212443,0,0,0,0,0,0
ORIGA,070.png,0.9661936939440912,0.9700897385430751,0.9681417162435831,0,0,0,0,0,0
ORIGA,071.png,0.9082648615573268,0.9591847626866791,0.933724812122003,0,0,0,0,0,0
ORIGA,072.png,0.9035521146774386,0.9594078613746881,0.9314799880260634,0,0,0,0,0,0
ORIGA,073.png,0.9024911831822882,0.9694991462305518,0.93599516470642,0,0,0,0,0,0
ORIGA,074.png,0.9116372001631259,0.9778061447981004,0.9447216724806131,0,0,0,0,0,0
ORIGA,075.png,0.9305656517888927,0.9719804085379411,0.9512730301634169,0,0,0,0,0,0
ORIGA,076.png,0.8093036785125716,0.9201634700936726,0.8647335743031221,0,0,0,0,0,0
ORIGA,077.png,0.8947827461887752,0.9668316780429365,0.9308072121158558,0,0,0,0,0,0
ORIGA,078.png,0.9551918674899722,0.9425898466093536,0.9488908570496629,0,0,0,0,0,0
ORIGA,079.png,0.835553181679536,0.9718793838795117,0.9037162827795238,0,0,0,0,0,0
ORIGA,080.png,0.8720038316609973,0.9621623065015081,0.9170830690812527,0,0,0,0,0,0
ORIGA,081.png,0.9567134992748646,0.9726649348002762,0.9646892170375704,0,0,0,0,0,0
ORIGA,082.png,0.9296897121150858,0.9541827286888785,0.9419362204019821,0,0,0,0,0,0
ORIGA,083.png,0.94920125610312,0.9377391949668687,0.9434702255349944,0,0,0,0,0,0
ORIGA,084.png,0.8245901090573655,0.856713595405344,0.8406518522313547,0,0,0,0,0,0
ORIGA,085.png,0.8854624090675594,0.9505952877049357,0.9180288483862475,0,0,0,0,0,0
ORIGA,086.png,0.9493941073106198,0.9791808770838614,0.9642874921972406,0,0,0,0,0,0
ORIGA,087.png,0.9316609159491052,0.9627414030187456,0.9472011594839254,0,0,0,0,0,0
ORIGA,088.png,0.8595805762383839,0.9652846513556697,0.9124326137970268,0,0,0,0,0,0
ORIGA,089.png,0.8684385291248089,0.9694206378939793,0.918929583509394,0,0,0,0,0,0
ORIGA,090.png,0.963082001482745,0.9748062441569776,0.9689441228198613,0,0,0,0,0,0
ORIGA,091.png,0.802421575966965,0.9594188107957626,0.8809201933813637,0,0,0,0,0,0
ORIGA,092.png,0.8952280431015527,0.9701479320266242,0.9326879875640884,0,0,0,0,0,0
ORIGA,093.png,0.829695982924301,0.9590601714647333,0.8943780771945171,0,0,0,0,0,0
ORIGA,094.png,0.9693024928951175,0.9608139818615895,0.9650582373783535,0,0,0,0,0,0
ORIGA,095.png,0.9595616091729912,0.9786456772738268,0.969103643223409,0,0,0,0,0,0
ORIGA,096.png,0.8913194298438869,0.9735859383181286,0.9324526840810077,0,0,0,0,0,0
ORIGA,097.png,0.8062827049926417,0.9598139912443493,0.8830483481184954,0,0,0,0,0,0
ORIGA,098.png,0.925163287190905,0.9691548982357607,0.9471590927133329,0,0,0,0,0,0
ORIGA,099.png,0.9339909400711967,0.9766594252275048,0.9553251826493507,0,0,0,0,0,0
ORIGA,100.png,0.9675834690078251,0.9722350897054148,0.96990927935662,0,0,0,0,0,0
ORIGA,101.png,0.925396357418441,0.9718973503447486,0.9486468538815948,0,0,0,0,0,0
ORIGA,102.png,0.9569391262078917,0.9729646821871709,0.9649519041975313,0,0,0,0,0,0
ORIGA,103.png,0.9335640628771221,0.9780989256985138,0.9558314942878179,0,0,0,0,0,0
ORIGA,104.png,0.9134686551159443,0.988470793297945,0.9509697242069446,0,0,0,0,0,0
ORIGA,105.png,0.8641748917810244,0.963011554323122,0.9135932230520731,0,0,0,0,0,0
ORIGA,106.png,0.9250930930125063,0.9759166887804612,0.9505048908964837,0,0,0,0,0,0
ORIGA,107.png,0.936513749892738,0.9755817610417288,0.9560477554672333,0,0,0,0,0,0
ORIGA,108.png,0.9235532207714434,0.9555832028221982,0.9395682117968208,0,0,0,0,0,0
ORIGA,109.png,0.854992933056398,0.9715043036230742,0.9132486183397361,0,0,0,0,0,0
ORIGA,110.png,0.9284310452152686,0.9914444373075498,0.9599377412614092,0,0,0,0,0,0
ORIGA,111.png,0.9771162396439574,0.9861130951262005,0.981614667385079,0,0,0,0,0,0
ORIGA,112.png,0.8253683859097912,0.9620717904927683,0.8937200882012797,0,0,0,0,0,0
ORIGA,113.png,0.8410342844059635,0.9617525450653586,0.901393414735661,0,0,0,0,0,0
ORIGA,114.png,0.9249461633026679,0.9754154450169821,0.950180804159825,0,0,0,0,0,0
ORIGA,115.png,0.9352261293041473,0.9669062294036982,0.9510661793539228,0,0,0,0,0,0
ORIGA,116.png,0.8953072931142809,0.9749075607159724,0.9351074269151267,0,0,0,0,0,0
ORIGA,117.png,0.8831093128275463,0.9675611225592917,0.9253352176934191,0,0,0,0,0,0
ORIGA,118.png,0.8076802336642203,0.9674119886489075,0.8875461111565639,0,0,0,0,0,0
ORIGA,119.png,0.8852205168649868,0.9559419105993964,0.9205812137321916,0,0,0,0,0,0
ORIGA,120.png,0.955864390614962,0.9793162371191586,0.9675903138670603,0,0,0,0,0,0
ORIGA,121.png,0.7155456410845111,0.9643746119704564,0.8399601265274838,0,0,0,0,0,0
ORIGA,122.png,0.8704587673889668,0.9714262755500289,0.9209425214694978,0,0,0,0,0,0
ORIGA,123.png,0.9024385570280936,0.9657904737379864,0.93411451538304,0,0,0,0,0,0
ORIGA,124.png,0.6763287157833372,0.9808073680949385,0.8285680419391379,0,0,0,0,0,0
ORIGA,125.png,0.9337729876875296,0.9639012302759837,0.9488371089817567,0,0,0,0,0,0
ORIGA,126.png,0.8853357463277216,0.9649927870756376,0.9251642667016796,0,0,0,0,0,0
ORIGA,127.png,0.9251629830841882,0.9604356258942646,0.9427993044892264,0,0,0,0,0,0
ORIGA,128.png,0.8379077966706834,0.972444597631042,0.9051761971508627,0,0,0,0,0,0
ORIGA,129.png,0.8812286149686865,0.9681312184587637,0.9246799167137252,0,0,0,0,0,0
ORIGA,130.png,0.930900134353343,0.9761260236742373,0.9535130790137901,0,0,0,0,0,0
ORIGA,131.png,0.9001089723287847,0.9692428950933163,0.9346759337110505,0,0,0,0,0,0
ORIGA,132.png,0.8960216217259686,0.9730522805027888,0.9345369511143786,0,0,0,0,0,0
ORIGA,133.png,0.9559227128745076,0.9750774270582989,0.9655000699664033,0,0,0,0,0,0
ORIGA,134.png,0.9457529242261152,0.9802630920948256,0.9630080081604704,0,0,0,0,0,0
ORIGA,135.png,0.9536575299168573,0.9746186329933431,0.9641380814551002,0,0,0,0,0,0
ORIGA,136.png,0.9424690837472143,0.9754207715220862,0.9589449276346502,0,0,0,0,0,0
ORIGA,137.png,0.8802992684580759,0.9683263694987916,0.9243128189784338,0,0,0,0,0,0
ORIGA,138.png,0.9496253283175222,0.9894244637149684,0.9695248960162453,0,0,0,0,0,0
ORIGA,139.png,0.9015889384462621,0.9318546600175479,0.916721799231905,0,0,0,0,0,0
ORIGA,140.png,0.9355513047977213,0.954126439847593,0.9448388723226572,0,0,0,0,0,0
ORIGA,141.png,0.9277182470219032,0.9699293660584328,0.948823806540168,0,0,0,0,0,0
ORIGA,142.png,0.9452628559772577,0.947348401214148,0.9463056285957028,0,0,0,0,0,0
ORIGA,143.png,0.9651057076306512,0.96906139606097,0.9670835518458105,0,0,0,0,0,0
ORIGA,144.png,0.9277279980360869,0.9768384231737394,0.952283210604913,0,0,0,0,0,0
ORIGA,145.png,0.9763866747259093,0.9791544592659376,0.9777705669959235,0,0,0,0,0,0
ORIGA,146.png,0.9006236288229141,0.9740585750226782,0.9373411019227962,0,0,0,0,0,0
ORIGA,147.png,0.8656008812792026,0.974256547687955,0.9199287144835788,0,0,0,0,0,0
ORIGA,148.png,0.8690922170426278,0.977379582086211,0.9232358995644194,0,0,0,0,0,0
ORIGA,149.png,0.9669752795738074,0.963791005024918,0.9653831422993626,0,0,0,0,0,0
ORIGA,150.png,0.9181101597581944,0.9534569208106963,0.9357835402844454,0,0,0,0,0,0
ORIGA,151.png,0.9309917962194048,0.9498068334903618,0.9403993148548833,0,0,0,0,0,0
ORIGA,152.png,0.9427196940775872,0.9588320068566307,0.9507758504671089,0,0,0,0,0,0
ORIGA,153.png,0.9564592844632389,0.9714458166835431,0.963952550573391,0,0,0,0,0,0
ORIGA,154.png,0.9494690936201966,0.972672071649631,0.9610705826349137,0,0,0,0,0,0
ORIGA,155.png,0.94792468677819,0.9598365194891312,0.9538806031336606,0,0,0,0,0,0
ORIGA,156.png,0.9110455434580215,0.9634929311599635,0.9372692373089925,0,0,0,0,0,0
ORIGA,157.png,0.8918740650056769,0.9615437118950103,0.9267088884503436,0,0,0,0,0,0
ORIGA,158.png,0.829051189020013,0.973215272574278,0.9011332307971455,0,0,0,0,0,0
ORIGA,159.png,0.7811983465900855,0.978078636355862,0.8796384914729738,0,0,0,0,0,0
ORIGA,160.png,0.9122510908518624,0.9643258635042605,0.9382884771780615,0,0,0,0,0,0
ORIGA,161.png,0.813908992499657,0.9040813043834904,0.8589951484415737,0,0,0,0,0,0
ORIGA,162.png,0.9136043023769294,0.9562610245680669,0.9349326634724981,0,0,0,0,0,0
ORIGA,163.png,0.5994671022833872,0.9574395115603547,0.7784533069218709,0,0,0,0,0,0
ORIGA,164.png,0.9120706989664008,0.9588153894301044,0.9354430441982526,0,0,0,0,0,0
ORIGA,165.png,0.9057830241039948,0.9815232039372521,0.9436531140206235,0,0,0,0,0,0
ORIGA,166.png,0.8437108706326941,0.9735327413299832,0.9086218059813387,0,0,0,0,0,0
ORIGA,167.png,0.9205051948653944,0.9670603132851984,0.9437827540752963,0,0,0,0,0,0
ORIGA,168.png,0.9232013880854947,0.9734697512063055,0.9483355696459002,0,0,0,0,0,0
ORIGA,169.png,0.9270190202393732,0.9749988493022956,0.9510089347708344,0,0,0,0,0,0
ORIGA,170.png,0.9394066931659593,0.9748304160538342,0.9571185546098968,0,0,0,0,0,0
ORIGA,171.png,0.8042842621142448,0.9781024323741756,0.8911933472442102,0,0,0,0,0,0
ORIGA,172.png,0.9512444483955603,0.9408265455169156,0.9460354969562379,0,0,0,0,0,0
ORIGA,173.png,0.9720643851797145,0.9302838969710187,0.9511741410753666,0,0,0,0,0,0
ORIGA,174.png,0.9334814540340866,0.9578966950360008,0.9456890745350437,0,0,0,0,0,0
ORIGA,175.png,0.9034643971617438,0.9826897215929782,0.943077059377361,0,0,0,0,0,0
ORIGA,176.png,0.9032898542406067,0.9174522271673644,0.9103710407039856,0,0,0,0,0,0
ORIGA,177.png,0.8423075003264548,0.9654443712805015,0.9038759358034782,0,0,0,0,0,0
ORIGA,178.png,0.9620649930362902,0.9627741907266065,0.9624195918814484,0,0,0,0,0,0
ORIGA,179.png,0.9616519601390159,0.9687288800828968,0.9651904201109563,0,0,0,0,0,0
ORIGA,180.png,0.8041827885155972,0.8667745290649593,0.8354786587902783,0,0,0,0,0,0
ORIGA,181.png,0.8500156917253676,0.9101866418435623,0.8801011667844649,0,0,0,0,0,0
ORIGA,182.png,0.9197636740906103,0.9569184061684833,0.9383410401295469,0,0,0,0,0,0
ORIGA,183.png,0.85124669292304,0.9818518419390936,0.9165492674310668,0,0,0,0,0,0
ORIGA,184.png,0.8411384194347987,0.9631256050381651,0.902132012236482,0,0,0,0,0,0
ORIGA,185.png,0.9356381783261736,0.9673354457767128,0.9514868120514433,0,0,0,0,0,0
ORIGA,186.png,0.9407545924693719,0.9818874531059816,0.9613210227876767,0,0,0,0,0,0
ORIGA,187.png,0.9357248555319663,0.9510040906176815,0.9433644730748239,0,0,0,0,0,0
ORIGA,188.png,0.8991627346548536,0.9696374970954835,0.9344001158751686,0,0,0,0,0,0
ORIGA,189.png,0.9182127541632106,0.9677154705715196,0.9429641123673651,0,0,0,0,0,0
ORIGA,190.png,0.9482195093301695,0.9667870408056707,0.9575032750679201,0,0,0,0,0,0
ORIGA,191.png,0.8926787232308175,0.9713780711477473,0.9320283971892824,0,0,0,0,0,0
ORIGA,192.png,0.6750345220099376,0.9780368652448399,0.8265356936273888,0,0,0,0,0,0
ORIGA,193.png,0.9249785348293419,0.9733093393242875,0.9491439370768147,0,0,0,0,0,0
ORIGA,194.png,0.7638134472763276,0.9669493722923527,0.8653814097843402,0,0,0,0,0,0
ORIGA,195.png,0.9031487575921681,0.9499418369158998,0.926545297254034,0,0,0,0,0,0
ORIGA,196.png,0.7351006693386721,0.9417580735965659,0.838429371467619,0,0,0,0,0,0
ORIGA,197.png,0.9057582768972698,0.9756603419909982,0.940709309444134,0,0,0,0,0,0
ORIGA,198.png,0.942472069100633,0.9736640835604593,0.9580680763305461,0,0,0,0,0,0
ORIGA,199.png,0.9145404647949102,0.9691428406474698,0.94184165272119,0,0,0,0,0,0
ORIGA,200.png,0.6910531554777035,0.9715366031436756,0.8312948793106896,0,0,0,0,0,0
ORIGA,201.png,0.7994049386573631,0.9746004053855966,0.8870026720214799,0,0,0,0,0,0
ORIGA,202.png,0.7014116610001877,0.9564234155068813,0.8289175382535345,0,0,0,0,0,0
ORIGA,203.png,0.7834970227665328,0.9609691074696287,0.8722330651180807,0,0,0,0,0,0
ORIGA,204.png,0.9676601497186187,0.9448200061853584,0.9562400779519886,0,0,0,0,0,0
ORIGA,205.png,0.9616872175054949,0.963179043957439,0.962433130731467,0,0,0,0,0,0
ORIGA,206.png,0.929833992365416,0.9774410959046178,0.9536375441350169,0,0,0,0,0,0
ORIGA,207.png,0.9248316010369992,0.9718512930416635,0.9483414470393314,0,0,0,0,0,0
ORIGA,208.png,0.9239806111723226,0.9765011776989787,0.9502408944356506,0,0,0,0,0,0
ORIGA,209.png,0.954020921491004,0.9731773484068493,0.9635991349489267,0,0,0,0,0,0
ORIGA,210.png,0.9467686661602894,0.976702426232376,0.9617355461963327,0,0,0,0,0,0
ORIGA,211.png,0.9708123696105624,0.9696163729251148,0.9702143712678386,0,0,0,0,0,0
ORIGA,212.png,0.9122189619801173,0.9556728422684191,0.9339459021242682,0,0,0,0,0,0
ORIGA,213.png,0.9048043590905546,0.9764903642232687,0.9406473616569117,0,0,0,0,0,0
ORIGA,214.png,0.89737922768489,0.9533384974425164,0.9253588625637033,0,0,0,0,0,0
ORIGA,215.png,0.8548364804232682,0.8855643020898889,0.8702003912565786,0,0,0,0,0,0
ORIGA,216.png,0.8821561570754985,0.9680708235535018,0.9251134903145002,0,0,0,0,0,0
ORIGA,217.png,0.9503387831625156,0.9639973294774176,0.9571680563199666,0,0,0,0,0,0
ORIGA,218.png,0.9467412791012895,0.9670824913193998,0.9569118852103446,0,0,0,0,0,0
ORIGA,219.png,0.8679839513302189,0.9651109243914351,0.9165474378608269,0,0,0,0,0,0
ORIGA,220.png,0.9448395885183747,0.9784424419946853,0.96164101525653,0,0,0,0,0,0
ORIGA,221.png,0.824111031774102,0.9711764706811583,0.8976437512276302,0,0,0,0,0,0
ORIGA,222.png,0.906864343294476,0.9402623340559965,0.9235633386752362,0,0,0,0,0,0
ORIGA,223.png,0.9641478550859104,0.9711264496507463,0.9676371523683284,0,0,0,0,0,0
ORIGA,224.png,0.9602057740261507,0.9243633127905411,0.9422845434083459,0,0,0,0,0,0
ORIGA,225.png,0.8257980544900667,0.8783390018419948,0.8520685281660307,0,0,0,0,0,0
ORIGA,226.png,0.9359280720600069,0.9730649627405332,0.9544965174002701,0,0,0,0,0,0
ORIGA,227.png,0.8823307432376667,0.9681504351820516,0.9252405892098592,0,0,0,0,0,0
ORIGA,228.png,0.950162530690764,0.9815115387895961,0.96583703474018,0,0,0,0,0,0
ORIGA,229.png,0.8497054603691407,0.979114786677993,0.9144101235235669,0,0,0,0,0,0
ORIGA,230.png,0.9340184317382055,0.9709447811344945,0.9524816064363499,0,0,0,0,0,0
ORIGA,231.png,0.9230650801574025,0.9581188901182939,0.9405919851378481,0,0,0,0,0,0
ORIGA,232.png,0.7978925725266898,0.9473584620779519,0.8726255173023209,0,0,0,0,0,0
ORIGA,233.png,0.5166281480441012,0.8394646144969907,0.678046381270546,0,0,0,0,0,0
ORIGA,234.png,0.9357617688342412,0.970908849686988,0.9533353092606146,0,0,0,0,0,0
ORIGA,235.png,0.9075958444195598,0.9613829220501842,0.934489383234872,0,0,0,0,0,0
ORIGA,236.png,0.704605313841497,0.9681260942424783,0.8363657040419876,0,0,0,0,0,0
ORIGA,237.png,0.8879190956679284,0.9584768206919874,0.9231979581799579,0,0,0,0,0,0
ORIGA,238.png,0.8985997216615544,0.9737990471741822,0.9361993844178683,0,0,0,0,0,0
ORIGA,239.png,0.9285311498653613,0.9780348910942057,0.9532830204797835,0,0,0,0,0,0
ORIGA,240.png,0.9449746557131063,0.9373721276581126,0.9411733916856095,0,0,0,0,0,0
ORIGA,241.png,0.5997220742494549,0.7042433419236628,0.6519827080865588,0,0,0,0,0,0
ORIGA,242.png,0.88453589110685,0.9479681076003275,0.9162519993535887,0,0,0,0,0,0
ORIGA,243.png,0.8186583551746122,0.9717640449018337,0.8952112000382229,0,0,0,0,0,0
ORIGA,244.png,0.8262079434431465,0.9613211639974687,0.8937645537203076,0,0,0,0,0,0
ORIGA,245.png,0.672393155999699,0.8397117821524868,0.7560524690760928,0,0,0,0,0,0
ORIGA,246.png,0.9002520614900247,0.9711853156015955,0.9357186885458101,0,0,0,0,0,0
ORIGA,247.png,0.8627093156174792,0.9654031116952998,0.9140562136563894,0,0,0,0,0,0
ORIGA,248.png,0.706531744270385,0.8327066396509661,0.7696191919606756,0,0,0,0,0,0
ORIGA,249.png,0.9260925118264656,0.9758195395374029,0.9509560256819343,0,0,0,0,0,0
ORIGA,250.png,0.9349672720236271,0.9716435525585349,0.9533054122910809,0,0,0,0,0,0
ORIGA,251.png,0.9734068111339128,0.9666553672945366,0.9700310892142248,0,0,0,0,0,0
ORIGA,252.png,0.932870545376866,0.9814319086930074,0.9571512270349367,0,0,0,0,0,0
ORIGA,253.png,0.8993208599118605,0.9652479612927896,0.932284410602325,0,0,0,0,0,0
ORIGA,254.png,0.859711867095453,0.981178972755919,0.920445419925686,0,0,0,0,0,0
ORIGA,255.png,0.9382710644994641,0.9515010077899231,0.9448860361446936,0,0,0,0,0,0
ORIGA,256.png,0.9288127398379558,0.9646598281555556,0.9467362839967557,0,0,0,0,0,0
ORIGA,257.png,0.9222887484673798,0.9776438506554331,0.9499662995614064,0,0,0,0,0,0
ORIGA,258.png,0.9207209324976169,0.9641301978289649,0.9424255651632909,0,0,0,0,0,0
ORIGA,259.png,0.9009846992942341,0.9691163399314932,0.9350505196128636,0,0,0,0,0,0
ORIGA,260.png,0.9056113268350732,0.9749336228334515,0.9402724748342624,0,0,0,0,0,0
ORIGA,261.png,0.9029847461107672,0.968753882978739,0.9358693145447531,0,0,0,0,0,0
ORIGA,262.png,0.9820798560967168,0.9804658108469951,0.9812728334718559,0,0,0,0,0,0
ORIGA,263.png,0.9615888988953536,0.9818329869628961,0.9717109429291249,0,0,0,0,0,0
ORIGA,264.png,0.95094481758688,0.9810528065075441,0.965998812047212,0,0,0,0,0,0
ORIGA,265.png,0.9525827687851038,0.9754897551831384,0.9640362619841212,0,0,0,0,0,0
ORIGA,266.png,0.9427703358313497,0.9622859815064646,0.9525281586689072,0,0,0,0,0,0
ORIGA,267.png,0.9121303027455122,0.9762055681884545,0.9441679354669834,0,0,0,0,0,0
ORIGA,268.png,0.9122994881294572,0.9471025596829461,0.9297010239062016,0,0,0,0,0,0
ORIGA,269.png,0.8089847258683089,0.9318815438966317,0.8704331348824703,0,0,0,0,0,0
ORIGA,270.png,0.9321579193280791,0.9647383655529588,0.9484481424405189,0,0,0,0,0,0
ORIGA,271.png,0.9570781509693191,0.9626795224142524,0.9598788366917858,0,0,0,0,0,0
ORIGA,272.png,0.9663667629215759,0.9752436964825377,0.9708052297020568,0,0,0,0,0,0
ORIGA,273.png,0.8338647136120202,0.9435431400332945,0.8887039268226573,0,0,0,0,0,0
ORIGA,274.png,0.9064346811964794,0.9544297316062087,0.930432206401344,0,0,0,0,0,0
ORIGA,275.png,0.9614093506436885,0.9399072691835159,0.9506583099136021,0,0,0,0,0,0
ORIGA,276.png,0.8835880820981523,0.9830551308570212,0.9333216064775868,0,0,0,0,0,0
ORIGA,277.png,0.893992226428693,0.9803511677219385,0.9371716970753158,0,0,0,0,0,0
ORIGA,278.png,0.9233822328664258,0.9855571669367682,0.954469699901597,0,0,0,0,0,0
ORIGA,279.png,0.9402510853423864,0.9654176141454742,0.9528343497439303,0,0,0,0,0,0
ORIGA,280.png,0.9610288716707656,0.9689689693257904,0.964998920498278,0,0,0,0,0,0
ORIGA,281.png,0.9683699691662695,0.9715152690145756,0.9699426190904226,0,0,0,0,0,0
ORIGA,282.png,0.8750653729393002,0.9631566547003536,0.9191110138198268,0,0,0,0,0,0
ORIGA,283.png,0.8498230974910338,0.9448470409588212,0.8973350692249276,0,0,0,0,0,0
ORIGA,284.png,0.862292813595844,0.9102897371589141,0.8862912753773791,0,0,0,0,0,0
ORIGA,285.png,0.9210657927953414,0.9816792191641923,0.9513725059797669,0,0,0,0,0,0
ORIGA,286.png,0.8902719551937708,0.9693473727063706,0.9298096639500707,0,0,0,0,0,0
ORIGA,287.png,0.870282737928443,0.9751024263564398,0.9226925821424414,0,0,0,0,0,0
ORIGA,288.png,0.9121671230641341,0.9217050234747713,0.9169360732694527,0,0,0,0,0,0
ORIGA,289.png,0.9226991426168085,0.975433842880003,0.9490664927484058,0,0,0,0,0,0
ORIGA,290.png,0.9663762954412705,0.9782966948097489,0.9723364951255097,0,0,0,0,0,0
ORIGA,291.png,0.8996278028210618,0.9641565326035901,0.931892167712326,0,0,0,0,0,0
ORIGA,292.png,0.9216815164928029,0.8934241837181266,0.9075528501054648,0,0,0,0,0,0
ORIGA,293.png,0.9647112966292124,0.961389592105851,0.9630504443675316,0,0,0,0,0,0
ORIGA,294.png,0.8403494203255458,0.9574625999662656,0.8989060101459057,0,0,0,0,0,0
ORIGA,295.png,0.9140075728233923,0.972028510057571,0.9430180414404816,0,0,0,0,0,0
ORIGA,296.png,0.9468895329280078,0.9723432594478163,0.9596163961879121,0,0,0,0,0,0
ORIGA,297.png,0.9038847225594313,0.9401156209492163,0.9220001717543238,0,0,0,0,0,0
ORIGA,298.png,0.9693215413800209,0.970064740523619,0.9696931409518199,0,0,0,0,0,0
ORIGA,299.png,0.8522495481563637,0.9412202380952381,0.8967348931258009,0,0,0,0,0,0
ORIGA,300.png,0.49858744364598295,0.791826552254957,0.64520699795047,0,0,0,0,0,0
ORIGA,301.png,0.621135687033123,0.8917037883555088,0.7564197376943159,0,0,0,0,0,0
ORIGA,302.png,0.9434018984675329,0.9608901588233323,0.9521460286454326,0,0,0,0,0,0
ORIGA,303.png,0.9559574767668333,0.9438513352262639,0.9499044059965486,0,0,0,0,0,0
ORIGA,304.png,0.929283473370224,0.9769695006870324,0.9531264870286282,0,0,0,0,0,0
ORIGA,305.png,0.8780676806434893,0.9660279182939672,0.9220477994687282,0,0,0,0,0,0
ORIGA,306.png,0.6801558656557747,0.8008984447425683,0.7405271551991714,0,0,0,0,0,0
ORIGA,307.png,0.9067379322417524,0.9743652406782471,0.9405515864599998,0,0,0,0,0,0
ORIGA,308.png,0.9107843359693301,0.9667508808924625,0.9387676084308962,0,0,0,0,0,0
ORIGA,309.png,0.92131022308987,0.9266727313872232,0.9239914772385466,0,0,0,0,0,0
ORIGA,310.png,0.8992978300341492,0.9345792240016573,0.9169385270179032,0,0,0,0,0,0
ORIGA,311.png,0.8658310893052651,0.9732408048149344,0.9195359470600997,0,0,0,0,0,0
ORIGA,312.png,0.9006816188220477,0.9587108655678778,0.9296962421949627,0,0,0,0,0,0
ORIGA,313.png,0.7673446340790523,0.9721078266515467,0.8697262303652995,0,0,0,0,0,0
ORIGA,314.png,0.9018962505808095,0.9600852890665155,0.9309907698236625,0,0,0,0,0,0
ORIGA,315.png,0.499233024824016,0.4977150926513164,0.4984740587376662,0,0,0,0,0,0
ORIGA,316.png,0.5714023208745577,0.798990574466951,0.6851964476707544,0,0,0,0,0,0
ORIGA,317.png,0.9143062137895699,0.9585976486458753,0.9364519312177226,0,0,0,0,0,0
ORIGA,318.png,0.8759904046446074,0.9675993822252309,0.9217948934349192,0,0,0,0,0,0
ORIGA,319.png,0.7507619466393067,0.9801541470732946,0.8654580468563007,0,0,0,0,0,0
ORIGA,320.png,0.7503439256692908,0.9506868606724133,0.850515393170852,0,0,0,0,0,0
ORIGA,321.png,0.8202355569775132,0.9111737114787015,0.8657046342281074,0,0,0,0,0,0
ORIGA,322.png,0.863923724701775,0.9660668438565998,0.9149952842791874,0,0,0,0,0,0
ORIGA,323.png,0.9074684193180385,0.9810004036547832,0.9442344114864109,0,0,0,0,0,0
ORIGA,324.png,0.8934195265502316,0.956084477122825,0.9247520018365283,0,0,0,0,0,0
ORIGA,325.png,0.8875279687069515,0.9831662470877867,0.9353471078973691,0,0,0,0,0,0
ORIGA,326.png,0.8455843320414536,0.9195873190061115,0.8825858255237825,0,0,0,0,0,0
ORIGA,327.png,0.8813289234437633,0.9035848077226997,0.8924568655832315,0,0,0,0,0,0
ORIGA,328.png,0.8339075175132886,0.94812403404198,0.8910157757776342,0,0,0,0,0,0
ORIGA,329.png,0.8871744840429026,0.9693455627225336,0.9282600233827181,0,0,0,0,0,0
ORIGA,330.png,0.9189100786071419,0.9704168541247452,0.9446634663659436,0,0,0,0,0,0
ORIGA,331.png,0.895420441824095,0.9648820452184701,0.9301512435212825,0,0,0,0,0,0
ORIGA,332.png,0.7269325803900808,0.9443568504582658,0.8356447154241733,0,0,0,0,0,0
ORIGA,333.png,0.7450001805418645,0.9428527432978111,0.8439264619198378,0,0,0,0,0,0
ORIGA,334.png,0.8619358795694982,0.9546860211340983,0.9083109503517983,0,0,0,0,0,0
ORIGA,335.png,0.9069983567569394,0.9697985771603633,0.9383984669586514,0,0,0,0,0,0
ORIGA,336.png,0.8516157078684248,0.9652183404287895,0.9084170241486071,0,0,0,0,0,0
ORIGA,337.png,0.8597725359265723,0.9642990529326468,0.9120357944296096,0,0,0,0,0,0
ORIGA,338.png,0.9672460869705086,0.9496544819238937,0.9584502844472012,0,0,0,0,0,0
ORIGA,339.png,0.8949007777691627,0.9399550601030582,0.9174279189361104,0,0,0,0,0,0
ORIGA,340.png,0.49733658031485495,0.5013804661246414,0.49935852321974816,0,0,0,0,0,0
ORIGA,341.png,0.9063932305678013,0.9587826410386104,0.9325879358032059,0,0,0,0,0,0
ORIGA,343.png,0.9183919017932318,0.9413012729844412,0.9298465873888365,0,0,0,0,0,0
ORIGA,344.png,0.9662483179999211,0.9258301786012295,0.9460392483005753,0,0,0,0,0,0
ORIGA,345.png,0.7745144169608047,0.9694459510515452,0.8719801840061749,0,0,0,0,0,0
ORIGA,346.png,0.8446830629468249,0.9566347685727161,0.9006589157597705,0,0,0,0,0,0
ORIGA,347.png,0.8725127681942664,0.9279909500299274,0.9002518591120969,0,0,0,0,0,0
ORIGA,348.png,0.9683913252490788,0.9749766800273669,0.9716840026382229,0,0,0,0,0,0
ORIGA,349.png,0.8971338224709795,0.9785743013043745,0.937854061887677,0,0,0,0,0,0
ORIGA,350.png,0.9210898214542272,0.9545572226027306,0.937823522028479,0,0,0,0,0,0
ORIGA,351.png,0.8882608217804038,0.9365967302795893,0.9124287760299965,0,0,0,0,0,0
ORIGA,352.png,0.7838452377588121,0.9741547562347211,0.8789999969967666,0,0,0,0,0,0
ORIGA,353.png,0.9691182885423986,0.9622820712749374,0.965700179908668,0,0,0,0,0,0
ORIGA,354.png,0.9477968321146089,0.9574118960516836,0.9526043640831463,0,0,0,0,0,0
ORIGA,355.png,0.8764328508062805,0.9520326836572373,0.914232767231759,0,0,0,0,0,0
ORIGA,356.png,0.8516376420505982,0.8862969552490714,0.8689672986498348,0,0,0,0,0,0
ORIGA,357.png,0.9860512605749858,0.953208241878059,0.9696297512265224,0,0,0,0,0,0
ORIGA,358.png,0.9016039540942954,0.9550613269562196,0.9283326405252574,0,0,0,0,0,0
ORIGA,360.png,0.837849868593624,0.9286606933576182,0.8832552809756211,0,0,0,0,0,0
ORIGA,361.png,0.8948214802003105,0.9419289782989408,0.9183752292496257,0,0,0,0,0,0
ORIGA,362.png,0.9177716260047866,0.974340962034377,0.9460562940195818,0,0,0,0,0,0
ORIGA,363.png,0.8148630942512491,0.9735033066660193,0.8941832004586342,0,0,0,0,0,0
ORIGA,364.png,0.8235272673040913,0.96229360208651,0.8929104346953007,0,0,0,0,0,0
ORIGA,365.png,0.894423486037877,0.9385772527386507,0.9165003693882638,0,0,0,0,0,0
ORIGA,366.png,0.8971142182075212,0.9739681213051541,0.9355411697563376,0,0,0,0,0,0
ORIGA,367.png,0.8658075324371104,0.9673442316360258,0.9165758820365681,0,0,0,0,0,0
ORIGA,368.png,0.8963670114775362,0.9298663022545564,0.9131166568660463,0,0,0,0,0,0
ORIGA,369.png,0.8789654225618725,0.9396861604083223,0.9093257914850974,0,0,0,0,0,0
ORIGA,370.png,0.8896013102204093,0.9706180925555042,0.9301097013879568,0,0,0,0,0,0
ORIGA,371.png,0.9145787801062746,0.9686723027393132,0.9416255414227939,0,0,0,0,0,0
ORIGA,372.png,0.7741208673916724,0.9551748523917989,0.8646478598917356,0,0,0,0,0,0
ORIGA,373.png,0.8618472931108232,0.9456115824532421,0.9037294377820326,0,0,0,0,0,0
ORIGA,374.png,0.903525097544752,0.9733752064872416,0.9384501520159968,0,0,0,0,0,0
ORIGA,375.png,0.9439151372428858,0.9700384605079615,0.9569767988754236,0,0,0,0,0,0
ORIGA,376.png,0.965574037039159,0.9770976089975967,0.9713358230183778,0,0,0,0,0,0
ORIGA,377.png,0.4978065050057663,0.5561511979892709,0.5269788514975187,0,0,0,0,0,0
ORIGA,378.png,0.9561006326454617,0.9777780217596519,0.9669393272025568,0,0,0,0,0,0
ORIGA,379.png,0.8344829432278286,0.9602815462001166,0.8973822447139725,0,0,0,0,0,0
ORIGA,380.png,0.8742229951604552,0.9659256504225417,0.9200743227914985,0,0,0,0,0,0
ORIGA,381.png,0.909653356821802,0.9532316953707467,0.9314425260962744,0,0,0,0,0,0
ORIGA,382.png,0.9319765189651232,0.9488539217437069,0.940415220354415,0,0,0,0,0,0
ORIGA,383.png,0.7813075162639578,0.8992951763851438,0.8403013463245508,0,0,0,0,0,0
ORIGA,384.png,0.8766164671096353,0.9720837636059765,0.9243501153578059,0,0,0,0,0,0
ORIGA,385.png,0.8054202798529982,0.9702898393448027,0.8878550595989005,0,0,0,0,0,0
ORIGA,386.png,0.8933555126090036,0.9732781290645183,0.9333168208367609,0,0,0,0,0,0
ORIGA,387.png,0.9036379770351756,0.9334533172817976,0.9185456471584865,0,0,0,0,0,0
ORIGA,388.png,0.9565378969771403,0.9432085376114235,0.9498732172942819,0,0,0,0,0,0
ORIGA,389.png,0.9815004609288767,0.9735765611019922,0.9775385110154344,0,0,0,0,0,0
ORIGA,390.png,0.9752525437677985,0.9716456793949255,0.9734491115813619,0,0,0,0,0,0
ORIGA,391.png,0.8757851768976048,0.9435528746262181,0.9096690257619114,0,0,0,0,0,0
ORIGA,392.png,0.9263405866966762,0.9745180579427244,0.9504293223197002,0,0,0,0,0,0
ORIGA,393.png,0.8176860366023504,0.9643981269004949,0.8910420817514226,0,0,0,0,0,0
ORIGA,394.png,0.9190629130247565,0.9731640988970939,0.9461135059609251,0,0,0,0,0,0
ORIGA,395.png,0.9229428681415811,0.9714574929504641,0.9472001805460226,0,0,0,0,0,0
ORIGA,396.png,0.9462395682901503,0.9706860285793659,0.9584627984347581,0,0,0,0,0,0
ORIGA,397.png,0.8546030672931197,0.9713300353096908,0.9129665513014052,0,0,0,0,0,0
ORIGA,398.png,0.8896110253485559,0.9368481064735215,0.9132295659110387,0,0,0,0,0,0
ORIGA,399.png,0.9034465120751546,0.9502566175820828,0.9268515648286186,0,0,0,0,0,0
ORIGA,400.png,0.9019493577469413,0.9742356501716952,0.9380925039593182,0,0,0,0,0,0
ORIGA,401.png,0.9335857500963817,0.9736120053530296,0.9535988777247056,0,0,0,0,0,0
ORIGA,402.png,0.9633820231730801,0.97821363555108,0.97079782936208,0,0,0,0,0,0
ORIGA,403.png,0.9664454881567743,0.9703328756042526,0.9683891818805135,0,0,0,0,0,0
ORIGA,404.png,0.8885441417220679,0.9673725830999051,0.9279583624109865,0,0,0,0,0,0
ORIGA,405.png,0.9191178503937878,0.9689434828738565,0.9440306666338221,0,0,0,0,0,0
ORIGA,406.png,0.9339847051580143,0.9645538845188082,0.9492692948384113,0,0,0,0,0,0
ORIGA,407.png,0.874253592214649,0.9815990014642465,0.9279262968394477,0,0,0,0,0,0
ORIGA,408.png,0.8175535371753329,0.9715660187728541,0.8945597779740935,0,0,0,0,0,0
ORIGA,409.png,0.9069732058114333,0.961813869803582,0.9343935378075077,0,0,0,0,0,0
ORIGA,410.png,0.944006766240959,0.9805049122424323,0.9622558392416957,0,0,0,0,0,0
ORIGA,411.png,0.9393135534743091,0.9500292073090909,0.9446713803917,0,0,0,0,0,0
ORIGA,412.png,0.8214449994686817,0.9466850422968411,0.8840650208827614,0,0,0,0,0,0
ORIGA,413.png,0.9452912287934345,0.9658863448840556,0.955588786838745,0,0,0,0,0,0
ORIGA,414.png,0.9020299392702102,0.9825766885885026,0.9423033139293564,0,0,0,0,0,0
ORIGA,415.png,0.9551287308470653,0.9615753824932665,0.9583520566701659,0,0,0,0,0,0
ORIGA,416.png,0.9314033520727159,0.95901736331264,0.9452103576926779,0,0,0,0,0,0
ORIGA,417.png,0.8648229116319444,0.9797419581006277,0.922282434866286,0,0,0,0,0,0
ORIGA,418.png,0.8712511364057606,0.9678078330951934,0.9195294847504769,0,0,0,0,0,0
ORIGA,419.png,0.5310374824313847,0.7637329769386365,0.6473852296850107,0,0,0,0,0,0
ORIGA,420.png,0.8926990965824939,0.970721827280902,0.9317104619316979,0,0,0,0,0,0
ORIGA,421.png,0.9725739708573968,0.970175050449873,0.9713745106536349,0,0,0,0,0,0
ORIGA,422.png,0.9796109779285401,0.9761748214544406,0.9778928996914904,0,0,0,0,0,0
ORIGA,423.png,0.9721127208913678,0.9735191172019282,0.972815919046648,0,0,0,0,0,0
ORIGA,424.png,0.8606472218550004,0.9854965479044321,0.9230718848797163,0,0,0,0,0,0
ORIGA,425.png,0.8633621597712052,0.9827635878203099,0.9230628737957576,0,0,0,0,0,0
ORIGA,426.png,0.8366138788388352,0.8921154099438642,0.8643646443913497,0,0,0,0,0,0
ORIGA,427.png,0.8604701159055281,0.9757838953201801,0.9181270056128541,0,0,0,0,0,0
ORIGA,428.png,0.9320979756916223,0.962570968990148,0.9473344723408852,0,0,0,0,0,0
ORIGA,429.png,0.9100121465085202,0.9660907927582525,0.9380514696333864,0,0,0,0,0,0
ORIGA,430.png,0.9054943757626425,0.9736676528140319,0.9395810142883372,0,0,0,0,0,0
ORIGA,431.png,0.9661454216910086,0.9747188487281861,0.9704321352095974,0,0,0,0,0,0
ORIGA,432.png,0.840261456560241,0.9804481454870577,0.9103548010236493,0,0,0,0,0,0
ORIGA,433.png,0.8462505720186559,0.9704709537362124,0.9083607628774342,0,0,0,0,0,0
ORIGA,434.png,0.9357747379355694,0.9723142641005236,0.9540445010180465,0,0,0,0,0,0
ORIGA,435.png,0.9466938229710451,0.9749809999532227,0.9608374114621339,0,0,0,0,0,0
ORIGA,436.png,0.8552633491502044,0.9455976765578118,0.9004305128540081,0,0,0,0,0,0
ORIGA,437.png,0.9268313744237601,0.9484933746207894,0.9376623745222747,0,0,0,0,0,0
ORIGA,438.png,0.8450638311145158,0.9569572753863906,0.9010105532504532,0,0,0,0,0,0
ORIGA,439.png,0.878768275796309,0.9656072566440758,0.9221877662201924,0,0,0,0,0,0
ORIGA,440.png,0.9389423347012644,0.9610914920337263,0.9500169133674954,0,0,0,0,0,0
ORIGA,441.png,0.8666144913092368,0.9519807290528531,0.909297610181045,0,0,0,0,0,0
ORIGA,442.png,0.8054375881234392,0.8160937548891332,0.8107656715062862,0,0,0,0,0,0
ORIGA,443.png,0.9391610519572295,0.9391171113164809,0.9391390816368552,0,0,0,0,0,0
ORIGA,444.png,0.8916665561016806,0.9713761457556593,0.9315213509286699,0,0,0,0,0,0
ORIGA,445.png,0.928720336813408,0.9758449924831949,0.9522826646483015,0,0,0,0,0,0
ORIGA,446.png,0.97303016366692,0.9711059317490505,0.9720680477079853,0,0,0,0,0,0
ORIGA,447.png,0.7045099649357318,0.9578930832285466,0.8312015240821392,0,0,0,0,0,0
ORIGA,448.png,0.969184012940072,0.9751796720527736,0.9721818424964228,0,0,0,0,0,0
ORIGA,449.png,0.9560864662151137,0.9743272731816387,0.9652068696983762,0,0,0,0,0,0
ORIGA,450.png,0.9697792201482951,0.9758282035353556,0.9728037118418253,0,0,0,0,0,0
ORIGA,451.png,0.891807016206855,0.9711627170734274,0.9314848666401412,0,0,0,0,0,0
ORIGA,452.png,0.9240344977368599,0.9563641202980047,0.9401993090174323,0,0,0,0,0,0
ORIGA,453.png,0.9595218004063373,0.9636248583697881,0.9615733293880626,0,0,0,0,0,0
ORIGA,454.png,0.9775200116351502,0.968692429773279,0.9731062207042146,0,0,0,0,0,0
ORIGA,455.png,0.9497592757352908,0.9804083170973732,0.965083796416332,0,0,0,0,0,0
ORIGA,456.png,0.8785730149812284,0.984885004344686,0.9317290096629571,0,0,0,0,0,0
ORIGA,457.png,0.9741692639229523,0.9674154704520725,0.9707923671875125,0,0,0,0,0,0
ORIGA,458.png,0.9472658845776731,0.9656162228805878,0.9564410537291305,0,0,0,0,0,0
ORIGA,459.png,0.8822152922279483,0.9716595958893794,0.9269374440586639,0,0,0,0,0,0
ORIGA,460.png,0.9107607886856774,0.9663952532256828,0.9385780209556801,0,0,0,0,0,0
ORIGA,461.png,0.9336553830907469,0.9527139152549629,0.9431846491728548,0,0,0,0,0,0
ORIGA,462.png,0.9470588225663845,0.9682406082599974,0.9576497154131909,0,0,0,0,0,0
ORIGA,463.png,0.8149973457072508,0.9300650969279303,0.8725312213175905,0,0,0,0,0,0
ORIGA,464.png,0.8443676175588776,0.9041565929141266,0.874262105236502,0,0,0,0,0,0
ORIGA,465.png,0.9018770463069629,0.9754857663557722,0.9386814063313675,0,0,0,0,0,0
ORIGA,466.png,0.9517416638770989,0.9693112976257703,0.9605264807514347,0,0,0,0,0,0
ORIGA,467.png,0.8560110674856215,0.9732447133190193,0.9146278904023204,0,0,0,0,0,0
ORIGA,468.png,0.8623184660748145,0.9486132337591631,0.9054658499169888,0,0,0,0,0,0
ORIGA,469.png,0.9514990753873329,0.9756594981327955,0.9635792867600642,0,0,0,0,0,0
ORIGA,470.png,0.9280854240336692,0.9703882366576639,0.9492368303456666,0,0,0,0,0,0
ORIGA,471.png,0.9005649470401693,0.971591138649278,0.9360780428447237,0,0,0,0,0,0
ORIGA,472.png,0.963415281954726,0.9707466998582415,0.9670809909064837,0,0,0,0,0,0
ORIGA,473.png,0.882029843281032,0.9591329800307418,0.9205814116558868,0,0,0,0,0,0
ORIGA,474.png,0.8531014273139534,0.9557082608321965,0.904404844073075,0,0,0,0,0,0
ORIGA,475.png,0.9115761854576112,0.9656504762840958,0.9386133308708535,0,0,0,0,0,0
ORIGA,476.png,0.9222512039345052,0.9606654115547102,0.9414583077446077,0,0,0,0,0,0
ORIGA,477.png,0.8765180779528685,0.960639205348703,0.9185786416507857,0,0,0,0,0,0
ORIGA,478.png,0.8395496985191007,0.9706042248776768,0.9050769616983887,0,0,0,0,0,0
ORIGA,479.png,0.9407310820948752,0.9788533022458155,0.9597921921703454,0,0,0,0,0,0
ORIGA,480.png,0.954662489939572,0.9634083556751231,0.9590354228073475,0,0,0,0,0,0
ORIGA,481.png,0.923274791061597,0.9804237637867481,0.9518492774241726,0,0,0,0,0,0
ORIGA,482.png,0.9577292749073275,0.9566859034966373,0.9572075892019825,0,0,0,0,0,0
ORIGA,483.png,0.9436307280058256,0.9776565546309617,0.9606436413183936,0,0,0,0,0,0
ORIGA,484.png,0.8362158915500261,0.9556581877722166,0.8959370396611213,0,0,0,0,0,0
ORIGA,485.png,0.8515064193320612,0.9812215393839641,0.9163639793580126,0,0,0,0,0,0
ORIGA,486.png,0.8089792948734364,0.9599535646693425,0.8844664297713895,0,0,0,0,0,0
ORIGA,487.png,0.8383293649250849,0.9543449394124532,0.8963371521687691,0,0,0,0,0,0
ORIGA,488.png,0.8227349961531214,0.9806264330098251,0.9016807145814733,0,0,0,0,0,0
ORIGA,489.png,0.8920000764647896,0.9616564776782892,0.9268282770715395,0,0,0,0,0,0
ORIGA,490.png,0.9027097616715638,0.9851950790029188,0.9439524203372414,0,0,0,0,0,0
ORIGA,491.png,0.9542936042161567,0.9585901294664234,0.9564418668412901,0,0,0,0,0,0
ORIGA,492.png,0.9508510670741093,0.954686323511301,0.9527686952927051,0,0,0,0,0,0
ORIGA,493.png,0.9198720877293634,0.9669423369349712,0.9434072123321673,0,0,0,0,0,0
ORIGA,494.png,0.8347882259889141,0.9682008164616968,0.9014945212253054,0,0,0,0,0,0
ORIGA,495.png,0.9440053186789117,0.9693716049421321,0.9566884618105219,0,0,0,0,0,0
ORIGA,496.png,0.9360533866511456,0.8953395735597287,0.9156964801054371,0,0,0,0,0,0
ORIGA,497.png,0.8163765456316927,0.9580821606785601,0.8872293531551264,0,0,0,0,0,0
ORIGA,498.png,0.9765611558095164,0.9667420371568916,0.971651596483204,0,0,0,0,0,0
ORIGA,499.png,0.9378818260646642,0.9787767353016568,0.9583292806831605,0,0,0,0,0,0
ORIGA,500.png,0.8835522104365727,0.9761237139198083,0.9298379621781905,0,0,0,0,0,0
ORIGA,501.png,0.9453736269396897,0.9781675711553066,0.9617705990474982,0,0,0,0,0,0
ORIGA,502.png,0.9160129948155604,0.9637420466080556,0.939877520711808,0,0,0,0,0,0
ORIGA,503.png,0.9252269171672528,0.9756702341780122,0.9504485756726325,0,0,0,0,0,0
ORIGA,504.png,0.911621566852256,0.9302332838034263,0.9209274253278412,0,0,0,0,0,0
ORIGA,505.png,0.7419385181049054,0.963752433397905,0.8528454757514052,0,0,0,0,0,0
ORIGA,506.png,0.764154523188182,0.9771510933539036,0.8706528082710427,0,0,0,0,0,0
ORIGA,507.png,0.9078137381499096,0.9518594142540802,0.9298365762019949,0,0,0,0,0,0
ORIGA,508.png,0.4989966325075778,0.49729223877391343,0.4981444356407456,0,0,0,0,0,0
ORIGA,509.png,0.8424793119282692,0.957314886153385,0.899897099040827,0,0,0,0,0,0
ORIGA,510.png,0.917723302355532,0.9219887257165178,0.9198560140360249,0,0,0,0,0,0
ORIGA,511.png,0.7297557549102832,0.7468704913194405,0.7383131231148619,0,0,0,0,0,0
ORIGA,512.png,0.8607346966302447,0.9450235900128727,0.9028791433215587,0,0,0,0,0,0
ORIGA,513.png,0.8202524630323791,0.9508080563285073,0.8855302596804432,0,0,0,0,0,0
ORIGA,514.png,0.938679353847474,0.9419229527690434,0.9403011533082587,0,0,0,0,0,0
ORIGA,515.png,0.8016419264353116,0.9282593817564637,0.8649506540958877,0,0,0,0,0,0
ORIGA,516.png,0.6805510361798379,0.8543694152537138,0.7674602257167759,0,0,0,0,0,0
ORIGA,517.png,0.7909296823168515,0.983551755741491,0.8872407190291712,0,0,0,0,0,0
ORIGA,518.png,0.9066897491898529,0.9562103540488109,0.9314500516193319,0,0,0,0,0,0
ORIGA,519.png,0.889045802096502,0.950226356771371,0.9196360794339364,0,0,0,0,0,0
ORIGA,520.png,0.7329171175571609,0.9646363412563672,0.8487767294067641,0,0,0,0,0,0
ORIGA,521.png,0.8436544864964315,0.9509068996434205,0.897280693069926,0,0,0,0,0,0
ORIGA,522.png,0.8908663171890534,0.9749362796434928,0.9329012984162731,0,0,0,0,0,0
ORIGA,523.png,0.8473617817302221,0.9747329626745176,0.9110473722023699,0,0,0,0,0,0
ORIGA,524.png,0.8634355517529657,0.9549108376886785,0.9091731947208221,0,0,0,0,0,0
ORIGA,525.png,0.9505201003160288,0.9523724237864721,0.9514462620512505,0,0,0,0,0,0
ORIGA,526.png,0.9383767959177896,0.9395457857878362,0.9389612908528129,0,0,0,0,0,0
ORIGA,528.png,0.8872987392432226,0.9527487959971188,0.9200237676201707,0,0,0,0,0,0
ORIGA,529.png,0.9226227982303278,0.9661351148357957,0.9443789565330618,0,0,0,0,0,0
ORIGA,530.png,0.9678709498770741,0.978328768068397,0.9730998589727355,0,0,0,0,0,0
ORIGA,531.png,0.939148013414514,0.975626477401862,0.957387245408188,0,0,0,0,0,0
ORIGA,532.png,0.8063475688129332,0.9710140130872427,0.888680790950088,0,0,0,0,0,0
ORIGA,533.png,0.8881548010204734,0.9645811201462597,0.9263679605833666,0,0,0,0,0,0
ORIGA,534.png,0.930305590193395,0.9774125501437586,0.9538590701685767,0,0,0,0,0,0
ORIGA,535.png,0.9467476710963776,0.9763922922649779,0.9615699816806778,0,0,0,0,0,0
ORIGA,536.png,0.9473029340666586,0.9713764601874124,0.9593396971270355,0,0,0,0,0,0
ORIGA,537.png,0.9208265256239629,0.9681771893089277,0.9445018574664453,0,0,0,0,0,0
ORIGA,538.png,0.8997782569466746,0.9559294718475969,0.9278538643971357,0,0,0,0,0,0
ORIGA,539.png,0.844399397318496,0.9615224690432266,0.9029609331808612,0,0,0,0,0,0
ORIGA,540.png,0.9112745207044217,0.963706162575746,0.9374903416400839,0,0,0,0,0,0
ORIGA,541.png,0.8622421355614321,0.9575712483842409,0.9099066919728365,0,0,0,0,0,0
ORIGA,542.png,0.9117351461089632,0.9702254125754253,0.9409802793421942,0,0,0,0,0,0
ORIGA,543.png,0.9620862126086573,0.9516888585524731,0.9568875355805653,0,0,0,0,0,0
ORIGA,544.png,0.8493610132632672,0.8877948443417913,0.8685779288025293,0,0,0,0,0,0
ORIGA,545.png,0.9402605586118009,0.9582421354319828,0.9492513470218918,0,0,0,0,0,0
ORIGA,546.png,0.9000233627100682,0.9813447562886339,0.9406840594993511,0,0,0,0,0,0
ORIGA,547.png,0.9598496921812631,0.9829718860893182,0.9714107891352907,0,0,0,0,0,0
ORIGA,548.png,0.9670731858630138,0.9708091978306808,0.9689411918468473,0,0,0,0,0,0
ORIGA,549.png,0.9790303204207691,0.9600730706156809,0.9695516955182251,0,0,0,0,0,0
ORIGA,550.png,0.9539194995631981,0.9776177827836876,0.9657686411734429,0,0,0,0,0,0
ORIGA,551.png,0.8549310267313561,0.9757692444942694,0.9153501356128128,0,0,0,0,0,0
ORIGA,552.png,0.8787907958420723,0.9582888619502372,0.9185398288961548,0,0,0,0,0,0
ORIGA,553.png,0.8898547756032366,0.9741498094149402,0.9320022925090884,0,0,0,0,0,0
ORIGA,554.png,0.8821010886487437,0.9463368655227751,0.9142189770857594,0,0,0,0,0,0
ORIGA,555.png,0.9251975727190609,0.965301388470887,0.9452494805949739,0,0,0,0,0,0
ORIGA,556.png,0.860246711131213,0.9770911651079481,0.9186689381195805,0,0,0,0,0,0
ORIGA,557.png,0.9564331571874615,0.9754082353246345,0.965920696256048,0,0,0,0,0,0
ORIGA,558.png,0.97824276711338,0.9826648014255219,0.980453784269451,0,0,0,0,0,0
ORIGA,559.png,0.8001842386358924,0.979786804255885,0.8899855214458887,0,0,0,0,0,0
ORIGA,560.png,0.7166893941746031,0.9806996754749091,0.8486945348247561,0,0,0,0,0,0
ORIGA,561.png,0.895204362654596,0.9718033831387747,0.9335038728966853,0,0,0,0,0,0
ORIGA,562.png,0.8955909021928068,0.9560241112487342,0.9258075067207705,0,0,0,0,0,0
ORIGA,563.png,0.9682253658891768,0.9580904702708278,0.9631579180800023,0,0,0,0,0,0
ORIGA,564.png,0.8877376869236587,0.9516552696064591,0.919696478265059,0,0,0,0,0,0
ORIGA,565.png,0.9621490107955851,0.9644571909842141,0.9633031008898996,0,0,0,0,0,0
ORIGA,566.png,0.9080790902706808,0.9805676579345397,0.9443233741026102,0,0,0,0,0,0
ORIGA,567.png,0.9306760298911426,0.9798411413989931,0.9552585856450679,0,0,0,0,0,0
ORIGA,568.png,0.9530782694522968,0.9759746168468194,0.9645264431495582,0,0,0,0,0,0
ORIGA,569.png,0.7988263412099785,0.9688041714598055,0.883815256334892,0,0,0,0,0,0
ORIGA,570.png,0.8158591240347625,0.9769507527068677,0.896404938370815,0,0,0,0,0,0
ORIGA,571.png,0.9603994339192728,0.9726205366654993,0.9665099852923861,0,0,0,0,0,0
ORIGA,572.png,0.9322772670529671,0.9755625282379748,0.953919897645471,0,0,0,0,0,0
ORIGA,573.png,0.963496382260517,0.9723775616366843,0.9679369719486006,0,0,0,0,0,0
ORIGA,574.png,0.8965193884966391,0.976467012430651,0.936493200463645,0,0,0,0,0,0
ORIGA,575.png,0.9349790514293618,0.9536950820595063,0.944337066744434,0,0,0,0,0,0
ORIGA,576.png,0.9467726971394372,0.9551172157857262,0.9509449564625817,0,0,0,0,0,0
ORIGA,577.png,0.9351670277266165,0.9583663820142869,0.9467667048704518,0,0,0,0,0,0
ORIGA,578.png,0.9382634410435273,0.9732969413115387,0.955780191177533,0,0,0,0,0,0
ORIGA,579.png,0.8224129138202259,0.9415231312770342,0.88196802254863,0,0,0,0,0,0
ORIGA,580.png,0.9377592007372169,0.9668974415982605,0.9523283211677387,0,0,0,0,0,0
ORIGA,581.png,0.9087569747323219,0.9691791602187629,0.9389680674755424,0,0,0,0,0,0
ORIGA,582.png,0.7419537556101456,0.9505208824075022,0.8462373190088239,0,0,0,0,0,0
ORIGA,583.png,0.8826723475032355,0.9682894441664943,0.9254808958348649,0,0,0,0,0,0
ORIGA,584.png,0.6594755447555923,0.8585861732828973,0.7590308590192448,0,0,0,0,0,0
ORIGA,585.png,0.8457056188607313,0.9651122146364937,0.9054089167486125,0,0,0,0,0,0
ORIGA,586.png,0.8695161180971082,0.960250670011714,0.9148833940544111,0,0,0,0,0,0
ORIGA,587.png,0.9646023122369438,0.9704044319794247,0.9675033721081843,0,0,0,0,0,0
ORIGA,588.png,0.9784031907063191,0.9592633549978307,0.9688332728520749,0,0,0,0,0,0
ORIGA,589.png,0.7211954321885935,0.974278268190762,0.8477368501896778,0,0,0,0,0,0
ORIGA,590.png,0.7979136348408911,0.9734485108002527,0.885681072820572,0,0,0,0,0,0
ORIGA,591.png,0.9007657220662979,0.9803360550032112,0.9405508885347545,0,0,0,0,0,0
ORIGA,592.png,0.9047228654515651,0.969898611829509,0.937310738640537,0,0,0,0,0,0
ORIGA,593.png,0.9177159925485241,0.9741388180940069,0.9459274053212655,0,0,0,0,0,0
ORIGA,594.png,0.607589125826916,0.6780926675522879,0.642840896689602,0,0,0,0,0,0
ORIGA,595.png,0.9304308994058068,0.9742179766853687,0.9523244380455878,0,0,0,0,0,0
ORIGA,596.png,0.9017926265478777,0.9737434911647264,0.937768058856302,0,0,0,0,0,0
ORIGA,597.png,0.7469154975096914,0.9779322724096184,0.8624238849596549,0,0,0,0,0,0
ORIGA,598.png,0.8808972642601123,0.9708817542029264,0.9258895092315194,0,0,0,0,0,0
ORIGA,599.png,0.8424098316004145,0.9580302936010459,0.9002200626007302,0,0,0,0,0,0
ORIGA,600.png,0.8166956130158713,0.9539335637955237,0.8853145884056975,0,0,0,0,0,0
ORIGA,601.png,0.8288542282130756,0.9764737790703362,0.902664003641706,0,0,0,0,0,0
ORIGA,602.png,0.9711145002000489,0.9773729978380817,0.9742437490190653,0,0,0,0,0,0
ORIGA,603.png,0.9674626692312214,0.9634546374335493,0.9654586533323853,0,0,0,0,0,0
ORIGA,604.png,0.8443171876025479,0.9617641289685038,0.9030406582855259,0,0,0,0,0,0
ORIGA,605.png,0.9067369708214527,0.9420871385615575,0.9244120546915051,0,0,0,0,0,0
ORIGA,606.png,0.882582918495926,0.9498271305021155,0.9162050244990207,0,0,0,0,0,0
ORIGA,607.png,0.8743326992698043,0.938428171141048,0.9063804352054261,0,0,0,0,0,0
ORIGA,608.png,0.923772223457093,0.9675013401986496,0.9456367818278713,0,0,0,0,0,0
ORIGA,609.png,0.9562731616136328,0.9693616255583032,0.9628173935859681,0,0,0,0,0,0
ORIGA,610.png,0.9619387943856241,0.9649121132418714,0.9634254538137478,0,0,0,0,0,0
ORIGA,611.png,0.9051945904837484,0.9619626514930746,0.9335786209884115,0,0,0,0,0,0
ORIGA,612.png,0.8010767608369873,0.9653469028912937,0.8832118318641404,0,0,0,0,0,0
ORIGA,613.png,0.8076223749844826,0.9657871258819157,0.8867047504331992,0,0,0,0,0,0
ORIGA,614.png,0.85110268296109,0.9603699051871017,0.9057362940740958,0,0,0,0,0,0
ORIGA,615.png,0.9164145824175964,0.96114110559728,0.9387778440074382,0,0,0,0,0,0
ORIGA,616.png,0.8834591547376538,0.9720352276674545,0.9277471912025541,0,0,0,0,0,0
ORIGA,617.png,0.8333703377911743,0.9159996862395507,0.8746850120153625,0,0,0,0,0,0
ORIGA,618.png,0.9440828159052426,0.9738846404555834,0.958983728180413,0,0,0,0,0,0
ORIGA,619.png,0.9120350783187516,0.9660172965699364,0.939026187444344,0,0,0,0,0,0
ORIGA,620.png,0.9720277055686458,0.9842387661816222,0.978133235875134,0,0,0,0,0,0
ORIGA,621.png,0.8220425146545168,0.9633733438890691,0.892707929271793,0,0,0,0,0,0
ORIGA,622.png,0.8933100676454944,0.9715498886633249,0.9324299781544096,0,0,0,0,0,0
ORIGA,623.png,0.9229904225780323,0.9733610639262416,0.9481757432521369,0,0,0,0,0,0
ORIGA,624.png,0.9606771745847719,0.9735303389466249,0.9671037567656984,0,0,0,0,0,0
ORIGA,625.png,0.9501562443089069,0.9736786036748252,0.961917423991866,0,0,0,0,0,0
ORIGA,626.png,0.9232530025023464,0.9597869206171064,0.9415199615597264,0,0,0,0,0,0
ORIGA,627.png,0.913739650083705,0.965181783289544,0.9394607166866245,0,0,0,0,0,0
ORIGA,628.png,0.9779396179167863,0.979850405360652,0.9788950116387192,0,0,0,0,0,0
ORIGA,629.png,0.9435201414525507,0.9879969353153801,0.9657585383839654,0,0,0,0,0,0
ORIGA,630.png,0.9525673144580779,0.9713417235834203,0.961954519020749,0,0,0,0,0,0
ORIGA,631.png,0.9309221548285269,0.9818370004309895,0.9563795776297582,0,0,0,0,0,0
ORIGA,632.png,0.9114760944806386,0.9675678968821756,0.9395219956814072,0,0,0,0,0,0
ORIGA,633.png,0.8459152397527966,0.9663882114208249,0.9061517255868108,0,0,0,0,0,0
ORIGA,634.png,0.9625099570173934,0.9766596646767524,0.9695848108470728,0,0,0,0,0,0
ORIGA,635.png,0.4986727863836298,0.5405902437854447,0.5196315150845372,0,0,0,0,0,0
ORIGA,636.png,0.8972789968652037,0.89416285120209,0.8957209240336469,0,0,0,0,0,0
ORIGA,637.png,0.9614283552714226,0.9766926735186259,0.9690605143950242,0,0,0,0,0,0
ORIGA,638.png,0.9332486477885269,0.9766824649169894,0.9549655563527581,0,0,0,0,0,0
ORIGA,639.png,0.9343816288212035,0.9684406273020761,0.9514111280616397,0,0,0,0,0,0
ORIGA,640.png,0.9377417122722762,0.9649877285495678,0.951364720410922,0,0,0,0,0,0
ORIGA,641.png,0.9128581326707004,0.9724550041883141,0.9426565684295072,0,0,0,0,0,0
ORIGA,642.png,0.9524660374036449,0.9723888097012044,0.9624274235524246,0,0,0,0,0,0
ORIGA,643.png,0.9671729624381176,0.9735064372268332,0.9703396998324754,0,0,0,0,0,0
ORIGA,644.png,0.9257172394683776,0.9710695860649557,0.9483934127666667,0,0,0,0,0,0
ORIGA,645.png,0.9261244543751115,0.9746676167044176,0.9503960355397645,0,0,0,0,0,0
ORIGA,646.png,0.9225399187049019,0.9745767213254869,0.9485583200151944,0,0,0,0,0,0
ORIGA,647.png,0.8980593503453891,0.979499576706177,0.9387794635257831,0,0,0,0,0,0
ORIGA,648.png,0.9381787053522739,0.9735006932662702,0.955839699309272,0,0,0,0,0,0
ORIGA,649.png,0.9714454908341539,0.9623282859018882,0.9668868883680211,0,0,0,0,0,0
ORIGA,650.png,0.9020296802558403,0.9584597344151111,0.9302447073354757,0,0,0,0,0,0
