NOMBRE,DICE OC,DICE OD,DICE AVG,PRECISION OC,PRECISION OD,RECALL OC,RECALL OD,Hausdorff_distance_OC,Hausdorff_distance_OD
REFUGE,Test/0801.png,0.9671719250721714,0.9764618838107211,0.9718169044414462,0,0,0,0,0,0
REFUGE,Test/0802.png,0.9169992355595074,0.9718251461473455,0.9444121908534264,0,0,0,0,0,0
REFUGE,Test/0803.png,0.9544238938440364,0.9659029236592702,0.9601634087516533,0,0,0,0,0,0
REFUGE,Test/0804.png,0.9539166186179417,0.9767161918339795,0.9653164052259606,0,0,0,0,0,0
REFUGE,Test/0805.png,0.9728477024350235,0.976748941210885,0.9747983218229542,0,0,0,0,0,0
REFUGE,Test/0806.png,0.8784835587153107,0.9881029016075245,0.9332932301614176,0,0,0,0,0,0
REFUGE,Test/0807.png,0.9458250339319687,0.9843873639787768,0.9651061989553728,0,0,0,0,0,0
REFUGE,Test/0808.png,0.9655453910559009,0.9761037773234797,0.9708245841896903,0,0,0,0,0,0
REFUGE,Test/0809.png,0.7759275449725667,0.9637392097579944,0.8698333773652805,0,0,0,0,0,0
REFUGE,Test/0810.png,0.9467040355013889,0.9847992904268974,0.9657516629641432,0,0,0,0,0,0
REFUGE,Test/0811.png,0.9691940173989727,0.9871115717023742,0.9781527945506734,0,0,0,0,0,0
REFUGE,Test/0812.png,0.9342804853816407,0.939516507019684,0.9368984962006623,0,0,0,0,0,0
REFUGE,Test/0813.png,0.9048243309641748,0.9876027924637742,0.9462135617139745,0,0,0,0,0,0
REFUGE,Test/0814.png,0.9036214508121339,0.9835775838177143,0.9435995173149241,0,0,0,0,0,0
REFUGE,Test/0815.png,0.9278302991771008,0.9839932509529457,0.9559117750650232,0,0,0,0,0,0
REFUGE,Test/0816.png,0.9187941437189274,0.9722594393524407,0.9455267915356841,0,0,0,0,0,0
REFUGE,Test/0817.png,0.9360345003190362,0.9428069042740262,0.9394207022965313,0,0,0,0,0,0
REFUGE,Test/0818.png,0.9545127716141908,0.980585903854616,0.9675493377344033,0,0,0,0,0,0
REFUGE,Test/0819.png,0.9173699406953618,0.9630099707074087,0.9401899557013853,0,0,0,0,0,0
REFUGE,Test/0820.png,0.8665833927190583,0.9700997431866258,0.918341567952842,0,0,0,0,0,0
REFUGE,Test/0821.png,0.9592929932286937,0.9851894551060303,0.9722412241673619,0,0,0,0,0,0
REFUGE,Test/0822.png,0.9371465886519358,0.9859393382091035,0.9615429634305197,0,0,0,0,0,0
REFUGE,Test/0823.png,0.9756466132772524,0.9755498712837106,0.9755982422804815,0,0,0,0,0,0
REFUGE,Test/0824.png,0.8946848156225966,0.9761390361044193,0.935411925863508,0,0,0,0,0,0
REFUGE,Test/0825.png,0.8205426510601321,0.8983540759586357,0.8594483635093839,0,0,0,0,0,0
REFUGE,Test/0826.png,0.9535306988215442,0.977135531730995,0.9653331152762696,0,0,0,0,0,0
REFUGE,Test/0827.png,0.9581889026647885,0.9755714224716721,0.9668801625682303,0,0,0,0,0,0
REFUGE,Test/0828.png,0.9399829434558391,0.958735059499685,0.949359001477762,0,0,0,0,0,0
REFUGE,Test/0829.png,0.9576179223624697,0.9858832364046207,0.9717505793835453,0,0,0,0,0,0
REFUGE,Test/0830.png,0.9232807365358342,0.9758029816873739,0.949541859111604,0,0,0,0,0,0
REFUGE,Test/0831.png,0.9078003447528984,0.9731606588424608,0.9404805017976796,0,0,0,0,0,0
REFUGE,Test/0832.png,0.9038873512592952,0.9750387075922391,0.9394630294257671,0,0,0,0,0,0
REFUGE,Test/0833.png,0.9366039666545707,0.9880397056168453,0.962321836135708,0,0,0,0,0,0
REFUGE,Test/0834.png,0.9627065783555586,0.9812285775911829,0.9719675779733707,0,0,0,0,0,0
REFUGE,Test/0835.png,0.9213638071996529,0.9668941615033244,0.9441289843514886,0,0,0,0,0,0
REFUGE,Test/0836.png,0.8358541538577327,0.945820593959231,0.8908373739084818,0,0,0,0,0,0
REFUGE,Test/0837.png,0.9371477285615251,0.9712754643391911,0.9542115964503581,0,0,0,0,0,0
REFUGE,Test/0838.png,0.9104448636662467,0.9801207748431018,0.9452828192546743,0,0,0,0,0,0
REFUGE,Test/0839.png,0.9582708928624724,0.9876997360888492,0.9729853144756608,0,0,0,0,0,0
REFUGE,Test/0840.png,0.9803485737303306,0.9705372940360077,0.9754429338831692,0,0,0,0,0,0
REFUGE,Test/0841.png,0.8321539289257697,0.9576570744429729,0.8949055016843712,0,0,0,0,0,0
REFUGE,Test/0842.png,0.9646226919724031,0.9885357306770839,0.9765792113247436,0,0,0,0,0,0
REFUGE,Test/0843.png,0.8914379259736601,0.9802207461003952,0.9358293360370277,0,0,0,0,0,0
REFUGE,Test/0844.png,0.9309871043765949,0.9729193905318152,0.9519532474542051,0,0,0,0,0,0
REFUGE,Test/0845.png,0.8954110589988681,0.9765894770182939,0.936000268008581,0,0,0,0,0,0
REFUGE,Test/0846.png,0.863151392900694,0.977403939105026,0.92027766600286,0,0,0,0,0,0
REFUGE,Test/0847.png,0.9693816726666462,0.970824383185859,0.9701030279262526,0,0,0,0,0,0
REFUGE,Test/0848.png,0.9037711983105561,0.9662617291349228,0.9350164637227394,0,0,0,0,0,0
REFUGE,Test/0849.png,0.8404512498235206,0.8733265508876932,0.8568889003556068,0,0,0,0,0,0
REFUGE,Test/0850.png,0.9615810894762186,0.9589371373495902,0.9602591134129044,0,0,0,0,0,0
REFUGE,Test/0851.png,0.9715897414760142,0.9792851042473032,0.9754374228616587,0,0,0,0,0,0
REFUGE,Test/0852.png,0.9093777375368319,0.9807980897391746,0.9450879136380033,0,0,0,0,0,0
REFUGE,Test/0853.png,0.9627022522942654,0.9875196182625874,0.9751109352784264,0,0,0,0,0,0
REFUGE,Test/0854.png,0.9543192599030779,0.9884863587666124,0.9714028093348451,0,0,0,0,0,0
REFUGE,Test/0855.png,0.9056314459646817,0.9848732831786362,0.945252364571659,0,0,0,0,0,0
REFUGE,Test/0856.png,0.9301705034795106,0.9537173124068905,0.9419439079432006,0,0,0,0,0,0
REFUGE,Test/0857.png,0.9158632562536186,0.9765068270385794,0.9461850416460991,0,0,0,0,0,0
REFUGE,Test/0858.png,0.8952596839467667,0.978740591597201,0.9370001377719839,0,0,0,0,0,0
REFUGE,Test/0859.png,0.8471504871495669,0.9840367590543295,0.9155936231019481,0,0,0,0,0,0
REFUGE,Test/0860.png,0.9334772358936128,0.9806595715241722,0.9570684037088925,0,0,0,0,0,0
REFUGE,Test/0861.png,0.9879554897490823,0.9875691569887256,0.9877623233689039,0,0,0,0,0,0
REFUGE,Test/0862.png,0.9334793624214903,0.9885073869199208,0.9609933746707056,0,0,0,0,0,0
REFUGE,Test/0863.png,0.9466729212341904,0.9819906383555841,0.9643317797948873,0,0,0,0,0,0
REFUGE,Test/0864.png,0.9348962930255429,0.9467757338039953,0.9408360134147691,0,0,0,0,0,0
REFUGE,Test/0865.png,0.9529198948096322,0.9731390760974434,0.9630294854535378,0,0,0,0,0,0
REFUGE,Test/0866.png,0.9495613181952453,0.9879164842451946,0.9687389012202199,0,0,0,0,0,0
REFUGE,Test/0867.png,0.9303547721515604,0.9857788853680091,0.9580668287597847,0,0,0,0,0,0
REFUGE,Test/0868.png,0.9321951737536153,0.937421350524295,0.9348082621389551,0,0,0,0,0,0
REFUGE,Test/0869.png,0.9507904517400074,0.9808089612348061,0.9657997064874068,0,0,0,0,0,0
REFUGE,Test/0870.png,0.974507152824118,0.982210063584137,0.9783586082041276,0,0,0,0,0,0
REFUGE,Test/0871.png,0.9326803550305042,0.9827219990390266,0.9577011770347654,0,0,0,0,0,0
REFUGE,Test/0872.png,0.9520929014944438,0.9786163338436389,0.9653546176690413,0,0,0,0,0,0
REFUGE,Test/0873.png,0.9691909419866904,0.964870753938252,0.9670308479624712,0,0,0,0,0,0
REFUGE,Test/0874.png,0.9307878279306524,0.9885550644655008,0.9596714461980766,0,0,0,0,0,0
REFUGE,Test/0875.png,0.8992397464218286,0.9720989103754143,0.9356693283986215,0,0,0,0,0,0
REFUGE,Test/0876.png,0.9573202947198052,0.984366913932281,0.9708436043260431,0,0,0,0,0,0
REFUGE,Test/0877.png,0.9408781434824182,0.9802430012737996,0.9605605723781089,0,0,0,0,0,0
REFUGE,Test/0878.png,0.9640875819677448,0.9720529730693106,0.9680702775185277,0,0,0,0,0,0
REFUGE,Test/0879.png,0.9299196836791914,0.9894854361652026,0.959702559922197,0,0,0,0,0,0
REFUGE,Test/0880.png,0.8540220531493649,0.9830383712742676,0.9185302122118162,0,0,0,0,0,0
REFUGE,Test/0881.png,0.916393819748002,0.9862828666470687,0.9513383431975353,0,0,0,0,0,0
REFUGE,Test/0882.png,0.9356039842676482,0.9797540282345849,0.9576790062511166,0,0,0,0,0,0
REFUGE,Test/0883.png,0.928084009573946,0.986214119288829,0.9571490644313875,0,0,0,0,0,0
REFUGE,Test/0884.png,0.9606352101457534,0.9570318409915577,0.9588335255686555,0,0,0,0,0,0
REFUGE,Test/0885.png,0.9601769463675174,0.9819513158833117,0.9710641311254146,0,0,0,0,0,0
REFUGE,Test/0886.png,0.8640425257765302,0.9643343210712696,0.9141884234238999,0,0,0,0,0,0
REFUGE,Test/0887.png,0.9738114110235921,0.9893575458764187,0.9815844784500054,0,0,0,0,0,0
REFUGE,Test/0888.png,0.9318363487780156,0.9825696350069386,0.9572029918924772,0,0,0,0,0,0
REFUGE,Test/0889.png,0.9590918471794592,0.9756492235596724,0.9673705353695659,0,0,0,0,0,0
REFUGE,Test/0890.png,0.9378499055856165,0.9791281184715829,0.9584890120285997,0,0,0,0,0,0
REFUGE,Test/0891.png,0.9436973866658436,0.9840564535740598,0.9638769201199517,0,0,0,0,0,0
REFUGE,Test/0892.png,0.9056398657151328,0.9735917110514347,0.9396157883832837,0,0,0,0,0,0
REFUGE,Test/0893.png,0.9557830167392058,0.9661066832888598,0.9609448500140328,0,0,0,0,0,0
REFUGE,Test/0894.png,0.8449040708098483,0.9842184803378763,0.9145612755738624,0,0,0,0,0,0
REFUGE,Test/0895.png,0.955000031860329,0.9823995908951064,0.9686998113777177,0,0,0,0,0,0
REFUGE,Test/0896.png,0.880988582960605,0.9861186115104955,0.9335535972355502,0,0,0,0,0,0
REFUGE,Test/0897.png,0.9393806957681539,0.9826163695630556,0.9609985326656048,0,0,0,0,0,0
REFUGE,Test/0898.png,0.9153650298394049,0.9755346192614747,0.9454498245504398,0,0,0,0,0,0
REFUGE,Test/0899.png,0.9596703552042365,0.9765226270514658,0.9680964911278511,0,0,0,0,0,0
REFUGE,Test/0900.png,0.9575038141755565,0.9719683981500322,0.9647361061627944,0,0,0,0,0,0
REFUGE,Test/0901.png,0.9016244088153442,0.9407998474688476,0.921212128142096,0,0,0,0,0,0
REFUGE,Test/0902.png,0.8779137871511813,0.9846820964712543,0.9312979418112177,0,0,0,0,0,0
REFUGE,Test/0903.png,0.9726592694324632,0.9708757823985348,0.971767525915499,0,0,0,0,0,0
REFUGE,Test/0904.png,0.9507633157291393,0.9751030228886628,0.962933169308901,0,0,0,0,0,0
REFUGE,Test/0905.png,0.9715743715743717,0.9755363206484671,0.9735553461114194,0,0,0,0,0,0
REFUGE,Test/0906.png,0.9660610268490306,0.9726372190369588,0.9693491229429947,0,0,0,0,0,0
REFUGE,Test/0907.png,0.9617361724239792,0.9877242333117888,0.974730202867884,0,0,0,0,0,0
REFUGE,Test/0908.png,0.9217463488584245,0.9576400594207204,0.9396932041395725,0,0,0,0,0,0
REFUGE,Test/0909.png,0.8928848709978103,0.9896677266100262,0.9412762988039183,0,0,0,0,0,0
REFUGE,Test/0910.png,0.9314242322611082,0.9696336802828036,0.9505289562719559,0,0,0,0,0,0
REFUGE,Test/0911.png,0.9410656359267969,0.9757422110388758,0.9584039234828363,0,0,0,0,0,0
REFUGE,Test/0912.png,0.9682198129603575,0.9818549014686728,0.9750373572145152,0,0,0,0,0,0
REFUGE,Test/0913.png,0.9776904720322215,0.9645925716138494,0.9711415218230355,0,0,0,0,0,0
REFUGE,Test/0914.png,0.9200526942881804,0.9580520141468574,0.9390523542175189,0,0,0,0,0,0
REFUGE,Test/0915.png,0.9430066373539241,0.9874693620142021,0.9652379996840631,0,0,0,0,0,0
REFUGE,Test/0916.png,0.9319052128332095,0.9528352184444014,0.9423702156388054,0,0,0,0,0,0
REFUGE,Test/0917.png,0.9053116217096031,0.9871707099427758,0.9462411658261894,0,0,0,0,0,0
REFUGE,Test/0918.png,0.9227080239038837,0.9586020289181254,0.9406550264110045,0,0,0,0,0,0
REFUGE,Test/0919.png,0.9065297393117425,0.9812127320413584,0.9438712356765504,0,0,0,0,0,0
REFUGE,Test/0920.png,0.9534917664155237,0.9751187859578903,0.964305276186707,0,0,0,0,0,0
REFUGE,Test/0921.png,0.9493919754038516,0.9825569764271616,0.9659744759155066,0,0,0,0,0,0
REFUGE,Test/0922.png,0.9242489098323119,0.9815877007218934,0.9529183052771026,0,0,0,0,0,0
REFUGE,Test/0923.png,0.8936456536285209,0.9862750269444354,0.9399603402864781,0,0,0,0,0,0
REFUGE,Test/0924.png,0.9262889424865695,0.9824757269420041,0.9543823347142868,0,0,0,0,0,0
REFUGE,Test/0925.png,0.9108566488012387,0.984721233589317,0.9477889411952778,0,0,0,0,0,0
REFUGE,Test/0926.png,0.9068193923564969,0.978403347845699,0.942611370101098,0,0,0,0,0,0
REFUGE,Test/0927.png,0.9819757169053678,0.9864173703521283,0.9841965436287481,0,0,0,0,0,0
REFUGE,Test/0928.png,0.8875238373478632,0.9709230343998893,0.9292234358738762,0,0,0,0,0,0
REFUGE,Test/0929.png,0.8483311341323101,0.9172265397140947,0.8827788369232024,0,0,0,0,0,0
REFUGE,Test/0930.png,0.896494354010697,0.9744843370816957,0.9354893455461963,0,0,0,0,0,0
REFUGE,Test/0931.png,0.874436764488834,0.9754960100921383,0.9249663872904861,0,0,0,0,0,0
REFUGE,Test/0932.png,0.9284118090584688,0.984440894788793,0.9564263519236309,0,0,0,0,0,0
REFUGE,Test/0933.png,0.93329759243245,0.9889784598893994,0.9611380261609247,0,0,0,0,0,0
REFUGE,Test/0934.png,0.8494717546931035,0.9099675229761117,0.8797196388346076,0,0,0,0,0,0
REFUGE,Test/0935.png,0.6821861892402395,0.8806816225920016,0.7814339059161206,0,0,0,0,0,0
REFUGE,Test/0936.png,0.920926890529496,0.9656758965808434,0.9433013935551697,0,0,0,0,0,0
REFUGE,Test/0937.png,0.9427578048232234,0.987182028410968,0.9649699166170957,0,0,0,0,0,0
REFUGE,Test/0938.png,0.9136970192326083,0.9884858852534858,0.951091452243047,0,0,0,0,0,0
REFUGE,Test/0939.png,0.9101610096236662,0.9466582614546126,0.9284096355391394,0,0,0,0,0,0
REFUGE,Test/0940.png,0.9410788679483926,0.9755760133575093,0.958327440652951,0,0,0,0,0,0
REFUGE,Test/0941.png,0.9071917991467842,0.952181362408054,0.9296865807774191,0,0,0,0,0,0
REFUGE,Test/0942.png,0.9699024087809134,0.9759449324552665,0.9729236706180899,0,0,0,0,0,0
REFUGE,Test/0943.png,0.933145463076785,0.9895491986638589,0.961347330870322,0,0,0,0,0,0
REFUGE,Test/0944.png,0.8913196397466094,0.9871072818251574,0.9392134607858834,0,0,0,0,0,0
REFUGE,Test/0945.png,0.9294089591480723,0.9806036786737267,0.9550063189108995,0,0,0,0,0,0
REFUGE,Test/0946.png,0.9337026724984545,0.988252478844451,0.9609775756714527,0,0,0,0,0,0
REFUGE,Test/0947.png,0.9476124619103166,0.9724702316770262,0.9600413467936714,0,0,0,0,0,0
REFUGE,Test/0948.png,0.9679197156146276,0.9892295741844294,0.9785746448995285,0,0,0,0,0,0
REFUGE,Test/0949.png,0.941019651041635,0.9655488026907248,0.9532842268661799,0,0,0,0,0,0
REFUGE,Test/0950.png,0.9350904511324558,0.9628418806908924,0.9489661659116742,0,0,0,0,0,0
REFUGE,Test/0951.png,0.9210089389174978,0.9821854131488204,0.9515971760331591,0,0,0,0,0,0
REFUGE,Test/0952.png,0.8956768451690451,0.9677640437684818,0.9317204444687635,0,0,0,0,0,0
REFUGE,Test/0953.png,0.9212308294032335,0.9714075673789034,0.9463191983910685,0,0,0,0,0,0
REFUGE,Test/0954.png,0.9260466073390926,0.9795675005023978,0.9528070539207452,0,0,0,0,0,0
REFUGE,Test/0955.png,0.931386350630854,0.9797805671919767,0.9555834589114154,0,0,0,0,0,0
REFUGE,Test/0956.png,0.9565579170951342,0.9866259436734741,0.9715919303843041,0,0,0,0,0,0
REFUGE,Test/0957.png,0.9617680664070057,0.9807271746924411,0.9712476205497234,0,0,0,0,0,0
REFUGE,Test/0958.png,0.9264155458899197,0.9712445364808535,0.9488300411853866,0,0,0,0,0,0
REFUGE,Test/0959.png,0.9246330546259415,0.9856326777602321,0.9551328661930868,0,0,0,0,0,0
REFUGE,Test/0960.png,0.9422524719234577,0.9900774898468503,0.966164980885154,0,0,0,0,0,0
REFUGE,Test/0961.png,0.9111552348761962,0.9889840375611401,0.9500696362186681,0,0,0,0,0,0
REFUGE,Test/0962.png,0.9208369272681156,0.9906203584314468,0.9557286428497812,0,0,0,0,0,0
REFUGE,Test/0963.png,0.9171365600305494,0.9867305542658511,0.9519335571482003,0,0,0,0,0,0
REFUGE,Test/0964.png,0.9231728845577545,0.9944175242143167,0.9587952043860356,0,0,0,0,0,0
REFUGE,Test/0965.png,0.9667067900101612,0.9869397841059484,0.9768232870580549,0,0,0,0,0,0
REFUGE,Test/0966.png,0.9461987075080124,0.9890866431208025,0.9676426753144074,0,0,0,0,0,0
REFUGE,Test/0967.png,0.9031499817072411,0.9877353557387449,0.9454426687229931,0,0,0,0,0,0
REFUGE,Test/0968.png,0.9448031009007459,0.9810515285501505,0.9629273147254482,0,0,0,0,0,0
REFUGE,Test/0969.png,0.9034739453881806,0.9902951206565103,0.9468845330223454,0,0,0,0,0,0
REFUGE,Test/0970.png,0.9473498847031034,0.9878387274677197,0.9675943060854115,0,0,0,0,0,0
REFUGE,Test/0971.png,0.9616501660097214,0.9819892300789917,0.9718196980443565,0,0,0,0,0,0
REFUGE,Test/0972.png,0.9306899354779374,0.985050240893246,0.9578700881855917,0,0,0,0,0,0
REFUGE,Test/0973.png,0.943861589452119,0.9532831960758787,0.9485723927639989,0,0,0,0,0,0
REFUGE,Test/0974.png,0.9604328129335258,0.9776364766356044,0.969034644784565,0,0,0,0,0,0
REFUGE,Test/0975.png,0.9594775783683287,0.9885682199882271,0.9740228991782779,0,0,0,0,0,0
REFUGE,Test/0976.png,0.9313393840006179,0.9854307479554235,0.9583850659780206,0,0,0,0,0,0
REFUGE,Test/0977.png,0.9562410933302856,0.9544716283292378,0.9553563608297617,0,0,0,0,0,0
REFUGE,Test/0978.png,0.8955835740281194,0.9714886667055536,0.9335361203668364,0,0,0,0,0,0
REFUGE,Test/0979.png,0.9615307051344781,0.9851966906501208,0.9733636978922995,0,0,0,0,0,0
REFUGE,Test/0980.png,0.9302677113493327,0.9895804413517684,0.9599240763505505,0,0,0,0,0,0
REFUGE,Test/0981.png,0.9204003630099862,0.9560954707690265,0.9382479168895064,0,0,0,0,0,0
REFUGE,Test/0982.png,0.9473036845793834,0.9741753247188178,0.9607395046491006,0,0,0,0,0,0
REFUGE,Test/0983.png,0.8577896291479438,0.9653046793709397,0.9115471542594418,0,0,0,0,0,0
REFUGE,Test/0984.png,0.934273922895367,0.9837186078921865,0.9589962653937767,0,0,0,0,0,0
REFUGE,Test/0985.png,0.9403473611947957,0.9561928424427948,0.9482701018187952,0,0,0,0,0,0
REFUGE,Test/0986.png,0.8712507847288402,0.9621022060390692,0.9166764953839547,0,0,0,0,0,0
REFUGE,Test/0987.png,0.952138452531242,0.9724800122333659,0.9623092323823039,0,0,0,0,0,0
REFUGE,Test/0988.png,0.9368255671394421,0.9764096387290576,0.9566176029342499,0,0,0,0,0,0
REFUGE,Test/0989.png,0.9302724975876583,0.9865381775474826,0.9584053375675705,0,0,0,0,0,0
REFUGE,Test/0990.png,0.9072904960053898,0.9769254628747397,0.9421079794400647,0,0,0,0,0,0
REFUGE,Test/0991.png,0.8825482244819451,0.9763329417406346,0.9294405831112899,0,0,0,0,0,0
REFUGE,Test/0992.png,0.9158060817618443,0.9896807432533155,0.9527434125075799,0,0,0,0,0,0
REFUGE,Test/0993.png,0.9561618373226428,0.9896545975917979,0.9729082174572203,0,0,0,0,0,0
REFUGE,Test/0994.png,0.9556389260213183,0.9787457560967416,0.96719234105903,0,0,0,0,0,0
REFUGE,Test/0995.png,0.9531991576731109,0.9804276300327782,0.9668133938529446,0,0,0,0,0,0
REFUGE,Test/0996.png,0.9687832254988142,0.9673166128034967,0.9680499191511555,0,0,0,0,0,0
REFUGE,Test/0997.png,0.9058823946830926,0.9786259085585434,0.942254151620818,0,0,0,0,0,0
REFUGE,Test/0998.png,0.935393993626475,0.9707555839036686,0.9530747887650718,0,0,0,0,0,0
REFUGE,Test/0999.png,0.9175661288863688,0.9860126851605155,0.9517894070234422,0,0,0,0,0,0
REFUGE,Test/1000.png,0.9488995136419507,0.9822131546031715,0.965556334122561,0,0,0,0,0,0
REFUGE,Test/1001.png,0.975489303048661,0.9666125841817825,0.9710509436152217,0,0,0,0,0,0
REFUGE,Test/1002.png,0.906754653303625,0.977439629262671,0.942097141283148,0,0,0,0,0,0
REFUGE,Test/1003.png,0.9574047288059684,0.9862968224418625,0.9718507756239154,0,0,0,0,0,0
REFUGE,Test/1004.png,0.9416566558008665,0.9813556278271968,0.9615061418140316,0,0,0,0,0,0
REFUGE,Test/1005.png,0.9345087468986815,0.9897548946094055,0.9621318207540435,0,0,0,0,0,0
REFUGE,Test/1006.png,0.952228264166691,0.9794415932626164,0.9658349287146537,0,0,0,0,0,0
REFUGE,Test/1007.png,0.9616746988133325,0.9571722169620853,0.9594234578877089,0,0,0,0,0,0
REFUGE,Test/1008.png,0.8956515147837351,0.991370038594283,0.943510776689009,0,0,0,0,0,0
REFUGE,Test/1009.png,0.9061288797143676,0.9866031104992004,0.946365995106784,0,0,0,0,0,0
REFUGE,Test/1010.png,0.9077141710494656,0.9837448813325192,0.9457295261909924,0,0,0,0,0,0
REFUGE,Test/1011.png,0.9295025381679887,0.9787887163665283,0.9541456272672585,0,0,0,0,0,0
REFUGE,Test/1012.png,0.966912932113619,0.9851584115662033,0.9760356718399111,0,0,0,0,0,0
REFUGE,Test/1013.png,0.9252130628322384,0.9749103174161612,0.9500616901241998,0,0,0,0,0,0
REFUGE,Test/1014.png,0.9250098868807108,0.96925134296673,0.9471306149237204,0,0,0,0,0,0
REFUGE,Test/1015.png,0.9371533687670679,0.9867274816623395,0.9619404252147037,0,0,0,0,0,0
REFUGE,Test/1016.png,0.9836883591669338,0.9782707211110999,0.9809795401390169,0,0,0,0,0,0
REFUGE,Test/1017.png,0.9639238517813227,0.984233095810247,0.9740784737957848,0,0,0,0,0,0
REFUGE,Test/1018.png,0.9597540196583276,0.9835730893159064,0.971663554487117,0,0,0,0,0,0
REFUGE,Test/1019.png,0.9842909002350155,0.9811212692834854,0.9827060847592505,0,0,0,0,0,0
REFUGE,Test/1020.png,0.9514129783378048,0.9695583913467406,0.9604856848422727,0,0,0,0,0,0
REFUGE,Test/1021.png,0.9247597505938066,0.973193565860565,0.9489766582271858,0,0,0,0,0,0
REFUGE,Test/1022.png,0.8708777712406979,0.9769472892376081,0.923912530239153,0,0,0,0,0,0
REFUGE,Test/1023.png,0.8820610657984149,0.9707038959401812,0.9263824808692981,0,0,0,0,0,0
REFUGE,Test/1024.png,0.8495361974821709,0.9612397459854778,0.9053879717338243,0,0,0,0,0,0
REFUGE,Test/1025.png,0.9802083568219507,0.9931849182902037,0.9866966375560773,0,0,0,0,0,0
REFUGE,Test/1026.png,0.9637636364641677,0.9862199505702851,0.9749917935172264,0,0,0,0,0,0
REFUGE,Test/1027.png,0.9070315067284128,0.9907930844986435,0.9489122956135281,0,0,0,0,0,0
REFUGE,Test/1028.png,0.9202742511142191,0.9621387696270428,0.941206510370631,0,0,0,0,0,0
REFUGE,Test/1029.png,0.9712313947771565,0.9808898610498724,0.9760606279135144,0,0,0,0,0,0
REFUGE,Test/1030.png,0.9518759202071274,0.9775071358868699,0.9646915280469986,0,0,0,0,0,0
REFUGE,Test/1031.png,0.9561905063290941,0.9752342686553981,0.9657123874922461,0,0,0,0,0,0
REFUGE,Test/1032.png,0.9093658333662742,0.9688701351008991,0.9391179842335866,0,0,0,0,0,0
REFUGE,Test/1033.png,0.9431875121141425,0.9771554234725662,0.9601714677933544,0,0,0,0,0,0
REFUGE,Test/1034.png,0.9452531687182355,0.9823595161274669,0.9638063424228511,0,0,0,0,0,0
REFUGE,Test/1035.png,0.930419283540584,0.9492633501218886,0.9398413168312363,0,0,0,0,0,0
REFUGE,Test/1036.png,0.9682178616296997,0.9828151270706936,0.9755164943501966,0,0,0,0,0,0
REFUGE,Test/1037.png,0.8832643894724461,0.973189083495358,0.9282267364839021,0,0,0,0,0,0
REFUGE,Test/1038.png,0.9529685453667072,0.9800922447781639,0.9665303950724355,0,0,0,0,0,0
REFUGE,Test/1039.png,0.9130117210494187,0.9860168791335471,0.949514300091483,0,0,0,0,0,0
REFUGE,Test/1040.png,0.9032509551607052,0.9880377761474084,0.9456443656540567,0,0,0,0,0,0
REFUGE,Test/1041.png,0.9493034371091955,0.9860959501721,0.9676996936406478,0,0,0,0,0,0
REFUGE,Test/1042.png,0.9208115718343942,0.9853220058404983,0.9530667888374462,0,0,0,0,0,0
REFUGE,Test/1043.png,0.9440341765759306,0.9833273477379987,0.9636807621569646,0,0,0,0,0,0
REFUGE,Test/1044.png,0.9562744062035207,0.9644404691478355,0.960357437675678,0,0,0,0,0,0
REFUGE,Test/1045.png,0.9667084440826734,0.985010525594971,0.9758594848388222,0,0,0,0,0,0
REFUGE,Test/1046.png,0.8797541219242917,0.9815361004735088,0.9306451111989003,0,0,0,0,0,0
REFUGE,Test/1047.png,0.9486426026425222,0.9753869836615547,0.9620147931520384,0,0,0,0,0,0
REFUGE,Test/1048.png,0.9274177715312082,0.9778315477353959,0.9526246596333021,0,0,0,0,0,0
REFUGE,Test/1049.png,0.8664411667729173,0.9213349216481268,0.893888044210522,0,0,0,0,0,0
REFUGE,Test/1050.png,0.962175036048315,0.971135201949576,0.9666551189989455,0,0,0,0,0,0
REFUGE,Test/1051.png,0.9509466311813248,0.990410442093947,0.9706785366376359,0,0,0,0,0,0
REFUGE,Test/1052.png,0.9140262637036476,0.9855208323028362,0.9497735480032419,0,0,0,0,0,0
REFUGE,Test/1053.png,0.9427294088112594,0.9861042069242358,0.9644168078677476,0,0,0,0,0,0
REFUGE,Test/1054.png,0.9646067030624614,0.9888377037430505,0.976722203402756,0,0,0,0,0,0
REFUGE,Test/1055.png,0.9644792771845101,0.9888235235459863,0.9766514003652482,0,0,0,0,0,0
REFUGE,Test/1056.png,0.9443787211634502,0.9837448453277157,0.9640617832455829,0,0,0,0,0,0
REFUGE,Test/1057.png,0.9370742178900489,0.9570474197181041,0.9470608188040766,0,0,0,0,0,0
REFUGE,Test/1058.png,0.9587375887445981,0.9870678493265133,0.9729027190355557,0,0,0,0,0,0
REFUGE,Test/1059.png,0.9229930131406135,0.9838746976885561,0.9534338554145848,0,0,0,0,0,0
REFUGE,Test/1060.png,0.931583994111848,0.9877844819217223,0.9596842380167852,0,0,0,0,0,0
REFUGE,Test/1061.png,0.9215066053805536,0.9846727239608166,0.9530896646706851,0,0,0,0,0,0
REFUGE,Test/1062.png,0.9798611895431484,0.9903306110328443,0.9850959002879963,0,0,0,0,0,0
REFUGE,Test/1063.png,0.9625632384666599,0.9554385693387002,0.9590009039026801,0,0,0,0,0,0
REFUGE,Test/1064.png,0.9536008162450158,0.9801259096404116,0.9668633629427137,0,0,0,0,0,0
REFUGE,Test/1065.png,0.9367069612526066,0.9873171839411166,0.9620120725968615,0,0,0,0,0,0
REFUGE,Test/1066.png,0.9278267357631114,0.9592105314438657,0.9435186336034885,0,0,0,0,0,0
REFUGE,Test/1067.png,0.9720250175350751,0.9878032722967574,0.9799141449159162,0,0,0,0,0,0
REFUGE,Test/1068.png,0.9301760579805425,0.9777705723373795,0.953973315158961,0,0,0,0,0,0
REFUGE,Test/1069.png,0.9015521228500085,0.9855571659696114,0.94355464440981,0,0,0,0,0,0
REFUGE,Test/1070.png,0.9665834899668504,0.9854208863759055,0.976002188171378,0,0,0,0,0,0
REFUGE,Test/1071.png,0.9674375051792545,0.9354147286597257,0.9514261169194902,0,0,0,0,0,0
REFUGE,Test/1072.png,0.8765409383682734,0.9819432598814107,0.929242099124842,0,0,0,0,0,0
REFUGE,Test/1073.png,0.9588875084293267,0.9800749142401413,0.969481211334734,0,0,0,0,0,0
REFUGE,Test/1074.png,0.9602964123775896,0.9717154407022877,0.9660059265399386,0,0,0,0,0,0
REFUGE,Test/1075.png,0.8387538359158783,0.9699358247173825,0.9043448303166304,0,0,0,0,0,0
REFUGE,Test/1076.png,0.8669552890516063,0.9858334787383063,0.9263943838949563,0,0,0,0,0,0
REFUGE,Test/1077.png,0.976645733353666,0.9905065708434182,0.9835761520985421,0,0,0,0,0,0
REFUGE,Test/1078.png,0.9612613224087782,0.9806404737490024,0.9709508980788903,0,0,0,0,0,0
REFUGE,Test/1079.png,0.9221809912128809,0.9793726328949184,0.9507768120538996,0,0,0,0,0,0
REFUGE,Test/1080.png,0.9071193236116577,0.9714817896622197,0.9393005566369387,0,0,0,0,0,0
REFUGE,Test/1081.png,0.9184336502653516,0.9705333440330945,0.9444834971492231,0,0,0,0,0,0
REFUGE,Test/1082.png,0.8994460215652734,0.984646918394665,0.9420464699799692,0,0,0,0,0,0
REFUGE,Test/1083.png,0.8942306154161228,0.9729498141785635,0.9335902147973432,0,0,0,0,0,0
REFUGE,Test/1084.png,0.9669996775904046,0.994158462571618,0.9805790700810113,0,0,0,0,0,0
REFUGE,Test/1085.png,0.9474845021811134,0.9914505115639815,0.9694675068725473,0,0,0,0,0,0
REFUGE,Test/1086.png,0.9639794681900832,0.9860821553359933,0.9750308117630382,0,0,0,0,0,0
REFUGE,Test/1087.png,0.9393171854020964,0.9876078111552024,0.9634624982786494,0,0,0,0,0,0
REFUGE,Test/1088.png,0.9547434848599984,0.9768955860811245,0.9658195354705614,0,0,0,0,0,0
REFUGE,Test/1089.png,0.9306521433614243,0.9717834864924962,0.9512178149269603,0,0,0,0,0,0
REFUGE,Test/1090.png,0.9162541544544175,0.9688546703311545,0.942554412392786,0,0,0,0,0,0
REFUGE,Test/1091.png,0.9586819397914226,0.975464570716337,0.9670732552538798,0,0,0,0,0,0
REFUGE,Test/1092.png,0.9109250120503061,0.9490573553863262,0.9299911837183161,0,0,0,0,0,0
REFUGE,Test/1093.png,0.9705698148296846,0.9863361557544807,0.9784529852920827,0,0,0,0,0,0
REFUGE,Test/1094.png,0.8887695851146435,0.9676565958686263,0.9282130904916349,0,0,0,0,0,0
REFUGE,Test/1095.png,0.9326298753319158,0.9805376631154616,0.9565837692236887,0,0,0,0,0,0
REFUGE,Test/1096.png,0.9247597884054507,0.9920386730483066,0.9583992307268787,0,0,0,0,0,0
REFUGE,Test/1097.png,0.949204180570858,0.9690899170176652,0.9591470487942616,0,0,0,0,0,0
REFUGE,Test/1098.png,0.9675504995901534,0.9698354643407048,0.9686929819654291,0,0,0,0,0,0
REFUGE,Test/1099.png,0.9091445515322244,0.9932272446948482,0.9511858981135364,0,0,0,0,0,0
REFUGE,Test/1100.png,0.943560662611541,0.937066156015706,0.9403134093136235,0,0,0,0,0,0
REFUGE,Test/1101.png,0.933335635602144,0.9724020616815557,0.95286884864185,0,0,0,0,0,0
REFUGE,Test/1102.png,0.955196188909693,0.9741034518051324,0.9646498203574128,0,0,0,0,0,0
REFUGE,Test/1103.png,0.9441886279154571,0.9905939314484191,0.9673912796819382,0,0,0,0,0,0
REFUGE,Test/1104.png,0.8413950476496945,0.9781990465633782,0.9097970471065364,0,0,0,0,0,0
REFUGE,Test/1105.png,0.9207947782601472,0.9752246548708782,0.9480097165655127,0,0,0,0,0,0
REFUGE,Test/1106.png,0.9312356080689878,0.9443457533907829,0.9377906807298853,0,0,0,0,0,0
REFUGE,Test/1107.png,0.9560572249182996,0.9831976266128414,0.9696274257655705,0,0,0,0,0,0
REFUGE,Test/1108.png,0.9300464151809777,0.9695345213140107,0.9497904682474942,0,0,0,0,0,0
REFUGE,Test/1109.png,0.9735264129386498,0.9908253968487291,0.9821759048936894,0,0,0,0,0,0
REFUGE,Test/1110.png,0.9473338988138942,0.8850744745324013,0.9162041866731477,0,0,0,0,0,0
REFUGE,Test/1111.png,0.9123576428180986,0.9774024453694652,0.9448800440937819,0,0,0,0,0,0
REFUGE,Test/1112.png,0.9567091885336979,0.9659442508857354,0.9613267197097166,0,0,0,0,0,0
REFUGE,Test/1113.png,0.9292421409972366,0.9852027456807178,0.9572224433389771,0,0,0,0,0,0
REFUGE,Test/1114.png,0.933040020255006,0.9833389211247932,0.9581894706898996,0,0,0,0,0,0
REFUGE,Test/1115.png,0.9346682426961433,0.9575803562684357,0.9461242994822896,0,0,0,0,0,0
REFUGE,Test/1116.png,0.923069212434863,0.9745927278921624,0.9488309701635127,0,0,0,0,0,0
REFUGE,Test/1117.png,0.9097948978806303,0.9216266986375676,0.915710798259099,0,0,0,0,0,0
REFUGE,Test/1118.png,0.9313946952786682,0.9807189441290407,0.9560568197038545,0,0,0,0,0,0
REFUGE,Test/1119.png,0.933712412573116,0.9855099845917826,0.9596111985824494,0,0,0,0,0,0
REFUGE,Test/1120.png,0.9777978152828154,0.9883946601658862,0.9830962377243508,0,0,0,0,0,0
REFUGE,Test/1121.png,0.9392252273017118,0.9839917056080796,0.9616084664548956,0,0,0,0,0,0
REFUGE,Test/1122.png,0.958152987040235,0.9914791264773726,0.9748160567588038,0,0,0,0,0,0
REFUGE,Test/1123.png,0.954428807702377,0.9409199928394383,0.9476744002709077,0,0,0,0,0,0
REFUGE,Test/1124.png,0.9766998911836067,0.9795237103224506,0.9781118007530286,0,0,0,0,0,0
REFUGE,Test/1125.png,0.9371444616647745,0.9831090666420124,0.9601267641533935,0,0,0,0,0,0
REFUGE,Test/1126.png,0.9098563567803843,0.9878750821335713,0.9488657194569778,0,0,0,0,0,0
REFUGE,Test/1127.png,0.9496000356835683,0.9856917766154519,0.9676459061495102,0,0,0,0,0,0
REFUGE,Test/1128.png,0.9457323912480926,0.9743297533282442,0.9600310722881684,0,0,0,0,0,0
REFUGE,Test/1129.png,0.9093258988475945,0.9851051858094728,0.9472155423285337,0,0,0,0,0,0
REFUGE,Test/1130.png,0.933396785720827,0.9853050346520852,0.9593509101864561,0,0,0,0,0,0
REFUGE,Test/1131.png,0.9441610495646393,0.9922915171880429,0.9682262833763411,0,0,0,0,0,0
REFUGE,Test/1132.png,0.9629459467639332,0.9881295426530465,0.9755377447084899,0,0,0,0,0,0
REFUGE,Test/1133.png,0.9575887757532427,0.9885414401869791,0.9730651079701109,0,0,0,0,0,0
REFUGE,Test/1134.png,0.9336631022388033,0.9764168344046629,0.9550399683217331,0,0,0,0,0,0
REFUGE,Test/1135.png,0.969649280746129,0.9707648246189178,0.9702070526825234,0,0,0,0,0,0
REFUGE,Test/1136.png,0.9349672720236272,0.9859748822544281,0.9604710771390277,0,0,0,0,0,0
REFUGE,Test/1137.png,0.9186444778653633,0.9822605814673,0.9504525296663316,0,0,0,0,0,0
REFUGE,Test/1138.png,0.9588311107168639,0.9782463425458958,0.9685387266313799,0,0,0,0,0,0
REFUGE,Test/1139.png,0.9448242560281293,0.9869254989463245,0.9658748774872269,0,0,0,0,0,0
REFUGE,Test/1140.png,0.9748161322171366,0.9820996692527171,0.9784579007349268,0,0,0,0,0,0
REFUGE,Test/1141.png,0.9442544051547803,0.973673140612143,0.9589637728834617,0,0,0,0,0,0
REFUGE,Test/1142.png,0.9364088549500846,0.9811320126175591,0.9587704337838219,0,0,0,0,0,0
REFUGE,Test/1143.png,0.9154480193641938,0.9863029540309691,0.9508754866975815,0,0,0,0,0,0
REFUGE,Test/1144.png,0.974349508853747,0.9835961621837755,0.9789728355187612,0,0,0,0,0,0
REFUGE,Test/1145.png,0.9582527291318791,0.9700148320467747,0.9641337805893269,0,0,0,0,0,0
REFUGE,Test/1146.png,0.8957218130989613,0.9499372123985532,0.9228295127487572,0,0,0,0,0,0
REFUGE,Test/1147.png,0.9290343148981358,0.9809866212470881,0.9550104680726119,0,0,0,0,0,0
REFUGE,Test/1148.png,0.9068357261977724,0.9858329242791667,0.9463343252384695,0,0,0,0,0,0
REFUGE,Test/1149.png,0.9277827089969128,0.9953984571066065,0.9615905830517597,0,0,0,0,0,0
REFUGE,Test/1150.png,0.9512843389987276,0.9844030476636432,0.9678436933311854,0,0,0,0,0,0
REFUGE,Test/1151.png,0.8756263721830957,0.9472102481870253,0.9114183101850605,0,0,0,0,0,0
REFUGE,Test/1152.png,0.9683028336410853,0.9710832684637192,0.9696930510524022,0,0,0,0,0,0
REFUGE,Test/1153.png,0.9533045429315906,0.979319154798575,0.9663118488650828,0,0,0,0,0,0
REFUGE,Test/1154.png,0.8722477962626538,0.9728220946162855,0.9225349454394697,0,0,0,0,0,0
REFUGE,Test/1155.png,0.8652191776523066,0.9654319057254392,0.9153255416888729,0,0,0,0,0,0
REFUGE,Test/1156.png,0.9442822712873118,0.9722710451218022,0.958276658204557,0,0,0,0,0,0
REFUGE,Test/1157.png,0.9234361020913208,0.9844006014555862,0.9539183517734535,0,0,0,0,0,0
REFUGE,Test/1158.png,0.9579649465758118,0.9854022764394346,0.9716836115076232,0,0,0,0,0,0
REFUGE,Test/1159.png,0.9029152956842514,0.9813828583627512,0.9421490770235013,0,0,0,0,0,0
REFUGE,Test/1160.png,0.956758343928924,0.9870280731515069,0.9718932085402154,0,0,0,0,0,0
REFUGE,Test/1161.png,0.9639816633922725,0.9862576106623169,0.9751196370272948,0,0,0,0,0,0
REFUGE,Test/1162.png,0.9559224128072392,0.9774590005371477,0.9666907066721935,0,0,0,0,0,0
REFUGE,Test/1163.png,0.9565526958514684,0.9753814036737064,0.9659670497625874,0,0,0,0,0,0
REFUGE,Test/1164.png,0.9579381018436424,0.9885922034481825,0.9732651526459124,0,0,0,0,0,0
REFUGE,Test/1165.png,0.9523257291285447,0.9801427592929186,0.9662342442107317,0,0,0,0,0,0
REFUGE,Test/1166.png,0.8677295880802606,0.9883173727202277,0.9280234804002441,0,0,0,0,0,0
REFUGE,Test/1167.png,0.9711405642204534,0.981295929926093,0.9762182470732732,0,0,0,0,0,0
REFUGE,Test/1168.png,0.9733508110802214,0.9759213430303695,0.9746360770552954,0,0,0,0,0,0
REFUGE,Test/1169.png,0.976422183034314,0.9833122238962456,0.9798672034652798,0,0,0,0,0,0
REFUGE,Test/1170.png,0.9620126259792461,0.9810217847242684,0.9715172053517572,0,0,0,0,0,0
REFUGE,Test/1171.png,0.9754677907601247,0.9860752990000134,0.9807715448800691,0,0,0,0,0,0
REFUGE,Test/1172.png,0.9755220710230847,0.989498671012371,0.9825103710177279,0,0,0,0,0,0
REFUGE,Test/1173.png,0.8998676151965135,0.97682721852693,0.9383474168617217,0,0,0,0,0,0
REFUGE,Test/1174.png,0.9107303593887631,0.9730214442370742,0.9418759018129186,0,0,0,0,0,0
REFUGE,Test/1175.png,0.9510087292396354,0.971696384449503,0.9613525568445692,0,0,0,0,0,0
REFUGE,Test/1176.png,0.9449634841298202,0.991413899962685,0.9681886920462526,0,0,0,0,0,0
REFUGE,Test/1177.png,0.9381726842805983,0.9529289122531326,0.9455507982668654,0,0,0,0,0,0
REFUGE,Test/1178.png,0.9143399324779571,0.9829517060377397,0.9486458192578484,0,0,0,0,0,0
REFUGE,Test/1179.png,0.8996066999288015,0.9751556874465273,0.9373811936876644,0,0,0,0,0,0
REFUGE,Test/1180.png,0.9506615700499199,0.9791011073011415,0.9648813386755307,0,0,0,0,0,0
REFUGE,Test/1181.png,0.9812065859007651,0.9838190730236223,0.9825128294621936,0,0,0,0,0,0
REFUGE,Test/1182.png,0.919756138086429,0.980814452870038,0.9502852954782335,0,0,0,0,0,0
REFUGE,Test/1183.png,0.9450654046644409,0.9613457501217872,0.9532055773931141,0,0,0,0,0,0
REFUGE,Test/1184.png,0.9224030093180883,0.9796023446846052,0.9510026770013467,0,0,0,0,0,0
REFUGE,Test/1185.png,0.9530183531033978,0.9866779515022288,0.9698481523028133,0,0,0,0,0,0
REFUGE,Test/1186.png,0.8637332763826377,0.9729116782014612,0.9183224772920495,0,0,0,0,0,0
REFUGE,Test/1187.png,0.9495062213086851,0.9819107982186115,0.9657085097636483,0,0,0,0,0,0
REFUGE,Test/1188.png,0.948625847717816,0.938761979338443,0.9436939135281295,0,0,0,0,0,0
REFUGE,Test/1189.png,0.941075594648688,0.9723427653047227,0.9567091799767053,0,0,0,0,0,0
REFUGE,Test/1190.png,0.9670826125364063,0.9870503855590271,0.9770664990477167,0,0,0,0,0,0
REFUGE,Test/1191.png,0.9405897495908206,0.9536028612367478,0.9470963054137842,0,0,0,0,0,0
REFUGE,Test/1192.png,0.980057552028649,0.9911778839488325,0.9856177179887408,0,0,0,0,0,0
REFUGE,Test/1193.png,0.8669439654325555,0.9893768192538219,0.9281603923431887,0,0,0,0,0,0
REFUGE,Test/1194.png,0.9560912425361389,0.9922422222934879,0.9741667324148133,0,0,0,0,0,0
REFUGE,Test/1195.png,0.9459949416622041,0.9874884961070682,0.9667417188846361,0,0,0,0,0,0
REFUGE,Test/1196.png,0.9215534966199451,0.9925102561603691,0.9570318763901571,0,0,0,0,0,0
REFUGE,Test/1197.png,0.9308551994963734,0.9816343372339319,0.9562447683651527,0,0,0,0,0,0
REFUGE,Test/1198.png,0.8617460994130133,0.9659865242435538,0.9138663118282835,0,0,0,0,0,0
REFUGE,Test/1199.png,0.925464153658888,0.9835160597043282,0.954490106681608,0,0,0,0,0,0
REFUGE,Test/1200.png,0.8388314015123386,0.9170705195143879,0.8779509605133633,0,0,0,0,0,0
